"Date","UDOW.Open","UDOW.High","UDOW.Low","UDOW.Close","UDOW.Volume","UDOW.Adjusted"
2020-01-02,31.4874992370605,32.2299995422363,31.3999996185303,32.2299995422363,2143200,30.3059940338135
2020-01-03,31.1299991607666,31.6949996948242,31.0699996948242,31.4200000762939,2138400,29.5443477630615
2020-01-06,30.75,31.6474990844727,30.7124996185303,31.625,2416000,29.7371101379395
2020-01-07,31.4125003814697,31.5575008392334,31.1774997711182,31.2399997711182,1737600,29.3750991821289
2020-01-08,31.0849990844727,32.1500015258789,31,31.7800006866455,2337200,29.8828639984131
2020-01-09,32.2700004577637,32.5525016784668,32.0950012207031,32.4925003051758,1663200,30.5528240203857
2020-01-10,32.5825004577637,32.6399993896484,31.8974990844727,32.0074996948242,1862800,30.0967788696289
2020-01-13,32.1925010681152,32.2999992370605,32,32.2775001525879,1714400,30.3506565093994
2020-01-14,32.2200012207031,32.7625007629395,32.1775016784668,32.3450012207031,2106000,30.4141273498535
2020-01-15,32.2550010681152,33.0149993896484,32.2550010681152,32.6875,1868400,30.7361869812012
2020-01-16,33.1324996948242,33.5750007629395,33.0875015258789,33.5349998474121,1614800,31.5330867767334
2020-01-17,33.8325004577637,33.8499984741211,33.5750007629395,33.7449989318848,1446400,31.7305507659912
2020-01-21,33.4199981689453,33.7224998474121,33.064998626709,33.2550010681152,1972800,31.2698059082031
2020-01-22,33.4425010681152,33.6474990844727,33.1500015258789,33.1949996948242,1479200,31.2133846282959
2020-01-23,32.8400001525879,33.2099990844727,32.4425010681152,33.127498626709,1858400,31.1499195098877
2020-01-24,33.4599990844727,33.5250015258789,32.0200004577637,32.5349998474121,3778800,30.5927886962891
2020-01-27,30.8349990844727,31.4375,30.7124996185303,30.9950008392334,4368000,29.144718170166
2020-01-28,31.2849998474121,31.9249992370605,31.1299991607666,31.625,2062400,29.7371101379395
2020-01-29,32.2174987792969,32.2874984741211,31.5925006866455,31.6200008392334,2214800,29.7324085235596
2020-01-30,31.0874996185303,32.0974998474121,30.8075008392334,32.0224990844727,3134800,30.1108818054199
2020-01-31,31.4899997711182,31.5799999237061,29.7275009155273,29.9925003051758,5397200,28.2020683288574
2020-02-03,30.3649997711182,31.1975002288818,30.3325004577637,30.4475002288818,3374400,28.629903793335
2020-02-04,31.6800003051758,32.0875015258789,31.5750007629395,31.7700004577637,2080000,29.8734569549561
2020-02-05,32.6749992370605,33.4300003051758,32.4174995422363,33.3600006103516,2844400,31.3685417175293
2020-02-06,33.752498626709,33.7975006103516,33.2125015258789,33.6599998474121,2021200,31.650634765625
2020-02-07,33.3250007629395,33.3250007629395,32.6100006103516,32.7825012207031,3663600,30.8255138397217
2020-02-10,32.439998626709,33.375,32.4275016784668,33.375,2589200,31.3826446533203
2020-02-11,33.8650016784668,33.8800010681152,33.1349983215332,33.3974990844727,3048400,31.4037933349609
2020-02-12,33.9300003051758,34.3600006103516,33.9225006103516,34.2900009155273,2379600,32.2430191040039
2020-02-13,33.814998626709,34.3400001525879,33.6725006103516,33.9824981689453,2565600,31.9538669586182
2020-02-14,34.0175018310547,34.0849990844727,33.5,33.8950004577637,1870800,31.8716144561768
2020-02-18,33.3974990844727,33.6525001525879,32.9174995422363,33.2975006103516,2952400,31.3097705841064
2020-02-19,33.6124992370605,33.9225006103516,33.4700012207031,33.7200012207031,2007200,31.707052230835
2020-02-20,33.5175018310547,33.7649993896484,32.3574981689453,33.2574996948242,3064800,31.2721557617188
2020-02-21,32.8474998474121,32.9049987792969,32.1300010681152,32.4749984741211,3760800,30.5363616943359
2020-02-24,29.3199996948242,30.1224994659424,28.875,29.0699996948242,8149200,27.3346309661865
2020-02-25,29.4500007629395,29.6000003814697,26.0249996185303,26.3174991607666,12675200,24.7464466094971
2020-02-26,26.6650009155273,27.6124992370605,25.7299995422363,25.9099998474121,9414800,24.3632774353027
2020-02-27,24.5149993896484,25.4074993133545,22.5,22.5025005340576,13018000,21.1591892242432
2020-02-28,20.5625,21.8999996185303,19.75,21.8999996185303,18960000,20.5926513671875
2020-03-02,22.2275009155273,24.8799991607666,21.5349998474121,24.8474998474121,11593600,23.3642063140869
2020-03-03,25.1100006103516,25.9500007629395,22.0774993896484,22.6525001525879,15433600,21.300235748291
2020-03-04,24.3999996185303,25.7574996948242,23.6299991607666,25.7024993896484,7251600,24.1681594848633
2020-03-05,23.7824993133545,24.4475002288818,22.5,23.0025005340576,10847200,21.6293449401855
2020-03-06,20.9400005340576,22.6350002288818,20.6224994659424,22.3099994659424,8333600,20.9781799316406
2020-03-09,18.0825004577637,19.2474994659424,16.75,17.2024993896484,15901200,16.1755809783936
2020-03-10,18.9624996185303,19.5900001525879,16.75,19.5575008392334,12974400,18.3899974822998
2020-03-11,18.0074996948242,18.3225002288818,15.664999961853,16.2150001525879,19848400,15.2470283508301
2020-03-12,12.9825000762939,14.7825002670288,11.3999996185303,11.4399995803833,26293200,10.7570772171021
2020-03-13,13.5924997329712,14.5,11.5,14.4425001144409,21522400,13.5803384780884
2020-03-16,9.91499996185303,11.9099998474121,9.25,9.32499980926514,29342000,8.76833438873291
2020-03-17,9.54249954223633,10.4700002670288,8.5,10.2799997329712,33112400,9.66632461547852
2020-03-18,8.25,9.19999980926514,7.17500019073486,8.375,42944400,7.87504243850708
2020-03-19,8.10249996185303,9,7.42749977111816,8.53499984741211,38972800,8.0254955291748
2020-03-20,8.94250011444092,9.13500022888184,7.31500005722046,7.40500020980835,34085600,6.96295070648193
2020-03-23,7.25500011444092,7.375,6.32999992370605,6.75750017166138,60009600,6.35410451889038
2020-03-24,7.99249982833862,9.03250026702881,7.85249996185303,8.96500015258789,48345200,8.42982578277588
2020-03-25,9.49499988555908,10.7174997329712,8.77750015258789,9.60499954223633,67061200,9.05181217193604
2020-03-26,9.99499988555908,11.5249996185303,9.9399995803833,11.3850002288818,60172000,10.7292985916138
2020-03-27,10.2799997329712,11.1549997329712,9.84249973297119,10.1075000762939,47464400,9.52537250518799
2020-03-30,10.2425003051758,11.1199998855591,9.90999984741211,11.0625,32490000,10.4253711700439
2020-03-31,10.9049997329712,11.2825002670288,10.3450002670288,10.4449996948242,49303200,9.84343242645264
2020-04-01,9.22500038146973,9.82250022888184,8.81999969482422,9.02750015258789,35914400,8.50757312774658
2020-04-02,8.90499973297119,9.75,8.7524995803833,9.63000011444092,38010000,9.07537460327148
2020-04-03,9.46500015258789,9.71749973297119,8.92000007629395,9.18000030517578,34368800,8.65129089355469
2020-04-06,10.2700004577637,11.4375,10.1499996185303,11.2399997711182,42536000,10.5926456451416
2020-04-07,12.5950002670288,12.6925001144409,11.2399997711182,11.2624998092651,55852000,10.6138496398926
2020-04-08,11.6575002670288,12.5450000762939,11.3000001907349,12.414999961853,38598400,11.6999750137329
2020-04-09,13.0150003433228,13.3450002670288,12.5325002670288,12.8900003433228,51500000,12.1476202011108
2020-04-13,12.75,12.7825002670288,11.852499961853,12.3625001907349,36190800,11.6504983901978
2020-04-14,13.0874996185303,13.375,12.8024997711182,13.2399997711182,32008000,12.4774589538574
2020-04-15,12.3900003433228,12.727499961853,12.0325002670288,12.4899997711182,36780400,11.7706546783447
2020-04-16,12.5725002288818,12.6324996948242,12.0124998092651,12.5299997329712,33604800,11.8083515167236
2020-04-17,13.5600004196167,13.710000038147,13.0050001144409,13.6424999237061,34840800,12.8567781448364
2020-04-20,12.977499961853,13.4499998092651,12.6300001144409,12.6724996566772,35748800,11.9426431655884
2020-04-21,11.852499961853,12.1625003814697,11.5325002670288,11.6674995422363,35270800,10.9955253601074
2020-04-22,12.2875003814697,12.5600004196167,12.1400003433228,12.3275003433228,18525600,11.6175146102905
2020-04-23,12.4549999237061,12.9975004196167,12.3500003814697,12.3950004577637,24117600,11.6811275482178
2020-04-24,12.6199998855591,12.9075002670288,12.2524995803833,12.8149995803833,24575600,12.0769357681274
2020-04-27,13.0500001907349,13.5299997329712,12.9324998855591,13.3774995803833,19261600,12.6070432662964
2020-04-28,14.0100002288818,14.0299997329712,13.227499961853,13.3625001907349,31490400,12.5929069519043
2020-04-29,14.0799999237061,14.4449996948242,13.9250001907349,14.2174997329712,25802400,13.3986616134644
2020-04-30,13.8400001525879,14.0174999237061,13.4575004577637,13.6999998092651,24294800,12.9109668731689
2020-05-01,13.0550003051758,13.1925001144409,12.5474996566772,12.6824998855591,24419600,11.9520673751831
2020-05-04,12.3374996185303,12.75,12.0924997329712,12.7049999237061,1.8e+07,11.9732723236084
2020-05-05,13.1225004196167,13.3924999237061,12.8999996185303,12.9324998855591,17580400,12.1876697540283
2020-05-06,13.1774997711182,13.2025003433228,12.5725002288818,12.5974998474121,24104000,11.8719625473022
2020-05-07,12.9849996566772,13.2875003814697,12.8699998855591,12.9499998092651,18476800,12.2041616439819
2020-05-08,13.4700002670288,13.7150001525879,13.3199996948242,13.6700000762939,14634000,12.8826951980591
2020-05-11,13.3474998474121,13.7475004196167,13.2425003051758,13.5074996948242,16929600,12.7295532226562
2020-05-12,13.7200002670288,13.7825002670288,12.75,12.75,19716000,12.015679359436
2020-05-13,12.585000038147,12.664999961853,11.6274995803833,11.9224996566772,29118000,11.2358379364014
2020-05-14,11.4949998855591,12.5150003433228,11.2124996185303,12.5074996948242,32339200,11.787148475647
2020-05-15,12.1750001907349,12.664999961853,12.0574998855591,12.602499961853,25546000,11.8766756057739
2020-05-18,13.6700000762939,14.25,13.647500038147,14.039999961853,22224800,13.2313861846924
2020-05-19,13.9799995422363,14.0725002288818,13.397500038147,13.4049997329712,30291600,12.6329574584961
2020-05-20,13.9350004196167,14.1350002288818,13.8299999237061,14.0100002288818,21902800,13.2031126022339
2020-05-21,13.960000038147,14.2749996185303,13.6750001907349,13.8774995803833,23718000,13.0782423019409
2020-05-22,13.8549995422363,13.8874998092651,13.5574998855591,13.8549995422363,15215200,13.0570421218872
2020-05-26,14.8625001907349,15.0625,14.6999998092651,14.7574996948242,20360000,13.9075632095337
2020-05-27,15.397500038147,15.7299995422363,14.7749996185303,15.7174997329712,24070400,14.8122730255127
2020-05-28,16.1175003051758,16.1825008392334,15.3874998092651,15.4849996566772,19490800,14.5931606292725
2020-05-29,15.2799997329712,15.6525001525879,14.8024997711182,15.4449996948242,25519200,14.5554637908936
2020-06-01,15.3625001907349,15.6949996948242,15.1625003814697,15.625,11407600,14.7250995635986
2020-06-02,15.8725004196167,16.1124992370605,15.7174997329712,16.1075000762939,17187200,15.1798086166382
2020-06-03,16.5825004577637,17.2674999237061,16.4575004577637,17.1275005340576,20671600,16.1410598754883
2020-06-04,16.9449996948242,17.3549995422363,16.7600002288818,17.1525001525879,19016400,16.1646251678467
2020-06-05,18.5300006866455,19.2250003814697,18.4099998474121,18.7275009155273,2.8e+07,17.6489181518555
2020-06-08,19.1049995422363,19.75,19.0750007629395,19.7350006103516,23521200,18.598388671875
2020-06-09,19.0849990844727,19.4624996185303,18.8449993133545,19.1275005340576,26506000,18.0258750915527
2020-06-10,19.0874996185303,19.2749996185303,18.3974990844727,18.5125007629395,32621600,17.4462985992432
2020-06-11,16.7549991607666,17.0599994659424,14.5749998092651,14.7075004577637,48991600,13.8604412078857
2020-06-12,15.9125003814697,16.1474990844727,14.5900001525879,15.5050001144409,35563200,14.6120109558105
2020-06-15,14.3249998092651,16.0450000762939,14.1300001144409,15.8275003433228,26560800,14.9159374237061
2020-06-16,17.4475002288818,17.4475002288818,15.875,16.8174991607666,30361600,15.8489151000977
2020-06-17,16.9724998474121,16.9899997711182,16.3325004577637,16.4500007629395,17333200,15.5025835037231
2020-06-18,16.0949993133545,16.5149993896484,15.9274997711182,16.3700008392334,14550000,15.4271945953369
2020-06-19,17.0324993133545,17.0699996948242,15.7775001525879,15.9875001907349,25532400,15.066722869873
2020-06-22,15.8374996185303,16.3374996185303,15.6075000762939,16.2824993133545,15922000,15.3447332382202
2020-06-23,16.7549991607666,16.8150005340576,16.4225006103516,16.5275001525879,13638800,15.5756216049194
2020-06-24,16.0750007629395,16.1350002288818,14.8850002288818,15.2075004577637,36564000,14.3322944641113
2020-06-25,14.9750003814697,15.75,14.7425003051758,15.7025003433228,22530000,14.7988080978394
2020-06-26,15.3774995803833,15.4475002288818,14.2875003814697,14.3924999237061,30386000,13.5641975402832
2020-06-29,14.6975002288818,15.375,14.5024995803833,15.3675003051758,17274800,14.4830884933472
2020-06-30,15.2025003433228,15.9250001907349,15.1424999237061,15.7025003433228,19475200,14.7988080978394
2020-07-01,15.8800001144409,16.1474990844727,15.585000038147,15.6049995422363,15251600,14.706916809082
2020-07-02,16.3250007629395,16.4925003051758,15.7075004577637,15.8249998092651,17806800,14.9142570495605
2020-07-06,16.5,16.6725006103516,16.2625007629395,16.6474990844727,13898800,15.6894197463989
2020-07-07,16.2775001525879,16.4349994659424,15.8500003814697,15.8999996185303,13169600,14.9849414825439
2020-07-08,16.0100002288818,16.2900009155273,15.7524995803833,16.2175006866455,13242800,15.2841682434082
2020-07-09,16.2399997711182,16.2849998474121,15.2075004577637,15.5600004196167,20265600,14.6645088195801
2020-07-10,15.5450000762939,16.2625007629395,15.414999961853,16.2175006866455,14770400,15.2841682434082
2020-07-13,16.6224994659424,17.2674999237061,16.1599998474121,16.2625007629395,20948800,15.3265790939331
2020-07-14,16.1525001525879,17.3649997711182,16.0599994659424,17.2625007629395,19013600,16.2690277099609
2020-07-15,18.0375003814697,18.0475006103516,17.3675003051758,17.7224998474121,21471600,16.7025527954102
2020-07-16,17.3799991607666,17.7374992370605,17.1574993133545,17.4575004577637,13742800,16.4528064727783
2020-07-17,17.5849990844727,17.5949993133545,17.2399997711182,17.3474998474121,11201200,16.3491344451904
2020-07-20,17.2674999237061,17.5174999237061,17.0100002288818,17.3549995422363,11610400,16.3562030792236
2020-07-21,17.75,18.0249996185303,17.5174999237061,17.6674995422363,11530000,16.6507186889648
2020-07-22,17.5475006103516,18.0499992370605,17.5475006103516,17.9799995422363,7725200,16.9452362060547
2020-07-23,17.8950004577637,17.9375,17.1025009155273,17.2999992370605,10898000,16.304370880127
2020-07-24,17,17.2450008392334,16.7999992370605,16.9349994659424,9838400,15.9603748321533
2020-07-27,16.9300003051758,17.2325000762939,16.8525009155273,17.1700000762939,9400000,16.181848526001
2020-07-28,16.9724998474121,17.1025009155273,16.7250003814697,16.7724990844727,8214400,15.8072299957275
2020-07-29,16.8274993896484,17.1825008392334,16.75,17.0750007629395,7510400,16.092321395874
2020-07-30,16.5,16.7450008392334,16,16.6399993896484,14438000,15.6823501586914
2020-07-31,16.7474994659424,16.8700008392334,16.0550003051758,16.8400001525879,11822800,15.8708429336548
2020-08-03,17.0874996185303,17.3799991607666,17.0349998474121,17.2950000762939,7000400,16.2996616363525
2020-08-04,17.2150001525879,17.6175003051758,17.1599998474121,17.6049995422363,6128800,16.5918121337891
2020-08-05,17.9375,18.3824996948242,17.9174995422363,18.3274993896484,10208400,17.2727355957031
2020-08-06,18.2625007629395,18.7350006103516,18.2474994659424,18.7350006103516,10320400,17.6567859649658
2020-08-07,18.5750007629395,18.9099998474121,18.4150009155273,18.8474998474121,10943600,17.7628116607666
2020-08-10,19.0499992370605,19.6149997711182,19.0424995422363,19.5900001525879,11164000,18.4625759124756
2020-08-11,20.1774997711182,20.3624992370605,19.2399997711182,19.3850002288818,15248400,18.2693767547607
2020-08-12,19.9400005340576,20.1324996948242,19.7075004577637,19.9925003051758,8532400,18.8419189453125
2020-08-13,19.7800006866455,20.0249996185303,19.6025009155273,19.8500003814697,6815600,18.707612991333
2020-08-14,19.6000003814697,20.0074996948242,19.5275001525879,19.8974990844727,6619600,18.7523803710938
2020-08-17,20.0074996948242,20.0275001525879,19.6550006866455,19.75,6262400,18.6133689880371
2020-08-18,19.7749996185303,19.8425006866455,19.3600006103516,19.5900001525879,6881600,18.4625759124756
2020-08-19,19.6949996948242,19.9074993133545,19.3250007629395,19.4174995422363,8316800,18.3000011444092
2020-08-20,19.1299991607666,19.6100006103516,19.0874996185303,19.5300006866455,5893600,18.4060306549072
2020-08-21,19.4650001525879,20.0025005340576,19.4349994659424,19.9449996948242,6641600,18.7971458435059
2020-08-24,20.4624996185303,20.7824993133545,20.1949996948242,20.7700004577637,10846000,19.574670791626
2020-08-25,20.9799995422363,20.9874992370605,20.2975006103516,20.6275005340576,9432800,19.4403705596924
2020-08-26,20.6525001525879,20.8649997711182,20.4274997711182,20.8024997711182,7252000,19.6053009033203
2020-08-27,21.0375003814697,21.4925003051758,20.8824996948242,21.1900005340576,10121200,19.970495223999
2020-08-28,21.4500007629395,21.7224998474121,21.1700000762939,21.5750007629395,8894800,20.3333435058594
2020-08-31,21.4424991607666,21.4599990844727,20.9150009155273,20.9750003814697,10387200,19.7678699493408
2020-09-01,20.8799991607666,21.5825004577637,20.7574996948242,21.5774993896484,7505600,20.3356914520264
2020-09-02,21.8624992370605,22.7474994659424,21.75,22.5699996948242,10526400,21.2710800170898
2020-09-03,22.5074996948242,22.8274993896484,20.1975002288818,20.7199993133545,21018800,19.5275421142578
2020-09-04,21.0650005340576,21.2600002288818,19.3325004577637,20.3775005340576,14449200,19.2047576904297
2020-09-08,19.7224998474121,19.7350006103516,18.8999996185303,18.9950008392334,14826800,17.9018173217773
2020-09-09,19.5499992370605,20.4624996185303,19.4025001525879,19.9174995422363,10377600,18.7712287902832
2020-09-10,20.1700000762939,20.4050006866455,18.8549995422363,19.0575008392334,9570400,17.9607238769531
2020-09-11,19.2849998474121,19.6674995422363,18.8675003051758,19.3299999237061,9968400,18.2175407409668
2020-09-14,19.6849994659424,20.2224998474121,19.6424999237061,20.0200004577637,5408000,18.8678340911865
2020-09-15,20.4500007629395,20.5349998474121,19.8950004577637,20.0174999237061,6515600,18.8654766082764
2020-09-16,20.2450008392334,20.8274993896484,20.0774993896484,20.1149997711182,9786000,18.9573650360107
2020-09-17,19.4125003814697,20.1599998474121,19.2875003814697,19.8400001525879,12558400,18.6981945037842
2020-09-18,19.8374996185303,19.9249992370605,18.9424991607666,19.2875003814697,8354000,18.1774845123291
2020-09-21,18.2674999237061,18.3999996185303,17.3225002288818,18.2275009155273,19566800,17.1784934997559
2020-09-22,18.3125,18.6075000762939,17.9050006866455,18.5149993896484,12201200,17.4494380950928
2020-09-23,18.8099994659424,18.8924999237061,17.3425006866455,17.4524993896484,11161200,16.4480895996094
2020-09-24,17.3225002288818,18.0949993133545,16.9899997711182,17.5550003051758,10931600,16.5446929931641
2020-09-25,17.2900009155273,18.3824996948242,17.1825008392334,18.2600002288818,8327200,17.2091178894043
2020-09-28,18.9650001525879,19.3525009155273,18.8675003051758,19.1100006103516,6454400,18.0102043151855
2020-09-29,19.0499992370605,19.1175003051758,18.5650005340576,18.7824993133545,9033200,17.7015495300293
2020-09-30,18.9125003814697,19.9799995422363,18.9125003814697,19.4524993896484,11241200,18.3329887390137
2020-10-01,19.8299999237061,20.0375003814697,19.2374992370605,19.5750007629395,8957600,18.4484367370605
2020-10-02,18.7199993133545,19.6375007629395,18.6025009155273,19.2824993133545,9270800,18.1727752685547
2020-10-05,19.7024993896484,20.2800006866455,19.6825008392334,20.2425003051758,3854000,19.0775279998779
2020-10-06,20.4850006103516,20.6949996948242,19.3374996185303,19.4174995422363,9772000,18.3000011444092
2020-10-07,19.9675006866455,20.6875,19.9650001525879,20.5149993896484,5280000,19.334342956543
2020-10-08,20.8875007629395,20.9074993133545,20.4775009155273,20.8325004577637,5143600,19.6335697174072
2020-10-09,21.1100006103516,21.3799991607666,20.8549995422363,21.1975002288818,7061600,19.9775638580322
2020-10-12,21.4225006103516,22.0025005340576,21.3449993133545,21.7525005340576,4770000,20.5006237030029
2020-10-13,21.5699996948242,21.6749992370605,21.1924991607666,21.375,4762800,20.1448497772217
2020-10-14,21.4699993133545,21.6275005340576,20.8875007629395,21.0200004577637,4696400,19.8102798461914
2020-10-15,20.3075008392334,21.0575008392334,20.2250003814697,20.9825000762939,4820800,19.7749328613281
2020-10-16,21.25,21.7350006103516,21.1875,21.2124996185303,6006000,19.9917030334473
2020-10-19,21.3700008392334,21.4475002288818,20.1725006103516,20.3299999237061,6856400,19.1599884033203
2020-10-20,20.5725002288818,21.1049995422363,20.3974990844727,20.5475006103516,7526000,19.3649768829346
2020-10-21,20.4400005340576,20.8374996185303,20.2824993133545,20.3075008392334,7069200,19.138786315918
2020-10-22,20.3425006866455,20.7900009155273,19.9575004577637,20.6975002288818,7876800,19.5063438415527
2020-10-23,20.8425006866455,20.8624992370605,20.2099990844727,20.625,8355600,19.4380149841309
2020-10-26,19.9150009155273,19.9624996185303,18.5049991607666,19.2250003814697,16783600,18.1185894012451
2020-10-27,19.2000007629395,19.2350006103516,18.7224998474121,18.7325000762939,7982000,17.6544284820557
2020-10-28,17.5725002288818,17.9349994659424,16.75,16.8325004577637,18712400,15.8637762069702
2020-10-29,16.7875003814697,17.5,16.3400001525879,17.0200004577637,16402400,16.0404853820801
2020-10-30,16.7574996948242,17,16.0575008392334,16.7549991607666,18290000,15.7907333374023
2020-11-02,17.4850006103516,17.7950000762939,17.1200008392334,17.5550003051758,12690800,16.5446929931641
2020-11-03,18.2325000762939,18.9575004577637,18.125,18.6224994659424,13121200,17.5507583618164
2020-11-04,18.9325008392334,20.3225002288818,18.7849998474121,19.3950004577637,14994800,18.2788028717041
2020-11-05,20.1825008392334,20.7425003051758,20.1350002288818,20.4950008392334,14051200,19.3154945373535
2020-11-06,20.5375003814697,20.6350002288818,20.0900001525879,20.3875007629395,8064400,19.2141819000244
2020-11-09,23.6749992370605,23.8724994659424,22.1324996948242,22.1900005340576,18362400,20.9129543304443
2020-11-10,22.5275001525879,22.9449996948242,22.1275005340576,22.8349990844727,8828400,21.5208282470703
2020-11-11,23.2075004577637,23.2150001525879,22.4775009155273,22.7674999237061,8266000,21.4572105407715
2020-11-12,22.3325004577637,22.5674991607666,21.6124992370605,22.0224990844727,10989200,20.7550811767578
2020-11-13,22.4750003814697,23.1399993896484,22.3474998474121,22.9549999237061,7938800,21.6339225769043
2020-11-16,23.9249992370605,24.1049995422363,23.5349998474121,24.1049995422363,13660400,22.7177391052246
2020-11-17,23.4599990844727,23.8899993896484,23.0349998474121,23.7099990844727,7915600,22.3454647064209
2020-11-18,23.9050006866455,24.0375003814697,22.8525009155273,22.8624992370605,8362800,21.5467395782471
2020-11-19,22.6949996948242,23.0849990844727,22.4050006866455,22.9825000762939,9068800,21.6598358154297
2020-11-20,22.8775005340576,22.9500007629395,22.3924999237061,22.4724998474121,6989600,21.1791839599609
2020-11-23,22.875,23.4200000762939,22.7024993896484,23.2374992370605,9975600,21.9001598358154
2020-11-24,23.9624996185303,24.4724998474121,23.8075008392334,24.3225002288818,10166000,22.9227199554443
2020-11-25,24.1949996948242,24.2075004577637,23.7299995422363,23.9025001525879,6743200,22.5268898010254
2020-11-27,24.0650005340576,24.2474994659424,23.7700004577637,24.0049991607666,4124400,22.6234912872314
2020-11-30,23.5925006866455,23.6700000762939,22.9325008392334,23.4025001525879,11132400,22.0556640625
2020-12-01,24.1200008392334,24.4200000762939,23.7450008392334,23.8050003051758,8826400,22.435001373291
2020-12-02,23.4899997711182,24.0324993133545,23.3099994659424,23.9974994659424,4874400,22.6164207458496
2020-12-03,24.0375003814697,24.5149993896484,23.9599990844727,24.1825008392334,10846000,22.7907772064209
2020-12-04,24.3575000762939,24.7975006103516,24.3250007629395,24.7950000762939,5281600,23.3680286407471
2020-12-07,24.6075000762939,24.7024993896484,24.1875,24.4549999237061,6336800,23.0475978851318
2020-12-08,24.1774997711182,24.8724994659424,24.1749992370605,24.7099990844727,6213200,23.2879199981689
2020-12-09,24.9524993896484,25.0424995422363,24.1625003814697,24.3850002288818,6620000,22.9816226959229
2020-12-10,24.1499996185303,24.4475002288818,23.9750003814697,24.2950000762939,5987600,22.8967990875244
2020-12-11,24.0275001525879,24.4524993896484,23.8449993133545,24.3799991607666,6150400,22.9769077301025
2020-12-14,24.8999996185303,25.0874996185303,23.9200000762939,23.9575004577637,8165200,22.5787258148193
2020-12-15,24.3875007629395,24.8624992370605,24.0324993133545,24.7800006866455,6191200,23.3538837432861
2020-12-16,24.7574996948242,24.8500003814697,24.4650001525879,24.6749992370605,5564000,23.2549304962158
2020-12-17,24.9400005340576,25.0524997711182,24.8449993133545,25.0025005340576,4518800,23.5635871887207
2020-12-18,25.0825004577637,25.0825004577637,24.3349990844727,24.75,8191600,23.3256130218506
2020-12-21,23.9950008392334,25.0074996948242,23.6474990844727,24.8050003051758,9676800,23.3774490356445
2020-12-22,24.7175006866455,24.7175006866455,24.2374992370605,24.3150005340576,6554800,22.9156532287598
2020-12-23,24.5300006866455,24.9225006103516,24.5200004577637,24.5550003051758,4924400,23.1682872772217
2020-12-24,24.6350002288818,24.75,24.4650001525879,24.75,2828400,23.3522624969482
2020-12-28,25.1399993896484,25.5,25.0524997711182,25.2275009155273,5170400,23.8028011322021
2020-12-29,25.5725002288818,25.6399993896484,24.8824996948242,25.0725002288818,6122000,23.656551361084
2020-12-30,25.2374992370605,25.4950008392334,25.1774997711182,25.2175006866455,3796000,23.7933673858643
2020-12-31,25.2075004577637,25.7749996185303,25.0524997711182,25.6149997711182,4269200,24.1684112548828
2021-01-04,25.8624992370605,25.8700008392334,23.8724994659424,24.7749996185303,12685200,23.3758525848389
2021-01-05,24.6550006866455,25.4375,24.5450000762939,25.1525001525879,6730400,23.7320365905762
2021-01-06,25.1000003814697,26.7250003814697,24.9575004577637,26.2250003814697,10137200,24.7439651489258
2021-01-07,26.6275005340576,27.1875,26.4325008392334,26.7849998474121,6680400,25.2723407745361
2021-01-08,26.9899997711182,27.0400009155273,26.1499996185303,26.9375,7847200,25.4162311553955
2021-01-11,26.2749996185303,26.9225006103516,26.2625007629395,26.7099990844727,5522400,25.2015705108643
2021-01-12,26.7250003814697,26.9675006866455,26.3850002288818,26.8525009155273,4091600,25.336030960083
2021-01-13,26.8299999237061,27.0650005340576,26.6474990844727,26.8425006866455,4253200,25.3265933990479
2021-01-14,27.0625,27.25,26.6350002288818,26.6725006103516,4627600,25.1661930084229
2021-01-15,26.1875,26.5125007629395,25.6700000762939,26.2024993896484,7573200,24.7227363586426
2021-01-19,26.7674999237061,26.8724994659424,26.3299999237061,26.4850006103516,4246000,24.9892826080322
2021-01-20,26.7950000762939,27.2775001525879,26.6700000762939,27.1399993896484,5022800,25.6072959899902
2021-01-21,27.2049999237061,27.375,26.9799995422363,27.1550006866455,4346400,25.6214408874512
2021-01-22,26.6275005340576,26.9325008392334,26.4349994659424,26.6599998474121,4338800,25.1543998718262
2021-01-25,26.4125003814697,26.6000003814697,25.5375003814697,26.6000003814697,9342000,25.0977878570557
2021-01-26,26.8099994659424,26.9599990844727,26.4699993133545,26.5149993896484,3988800,25.0175876617432
2021-01-27,25.7775001525879,25.8024997711182,24.625,24.9400005340576,8930400,23.5315322875977
2021-01-28,25.3525009155273,26.4375,25.3199996948242,25.5949993133545,7964400,24.1495456695557
2021-01-29,25.0774993896484,25.2950000762939,23.7350006103516,24.0249996185303,11654400,22.6682090759277
2021-02-01,24.6350002288818,24.8950004577637,24.1175003051758,24.5900001525879,6372400,23.201301574707
2021-02-02,25.1875,26.1275005340576,25.1849994659424,25.7674999237061,5400800,24.3123092651367
2021-02-03,25.5550003051758,26.0249996185303,25.3400001525879,25.8349990844727,4343600,24.3759899139404
2021-02-04,26,26.7124996185303,25.9874992370605,26.6849994659424,3762000,25.1779880523682
2021-02-05,27.1350002288818,27.2000007629395,26.7549991607666,26.9125003814697,3816000,25.3926410675049
2021-02-08,27.2275009155273,27.5249996185303,27.1625003814697,27.5249996185303,3336800,25.9705486297607
2021-02-09,27.3724994659424,27.7000007629395,27.1875,27.5674991607666,2894400,26.0106468200684
2021-02-10,27.8824996948242,27.8950004577637,27.125,27.6975002288818,3410400,26.1333084106445
2021-02-11,27.8474998474121,28.0349998474121,27.2399997711182,27.7275009155273,4313200,26.1616172790527
2021-02-12,27.6375007629395,27.8675003051758,27.5200004577637,27.8325004577637,2450800,26.2606868743896
2021-02-16,28.1749992370605,28.2299995422363,27.7900009155273,27.9675006866455,3521200,26.3880615234375
2021-02-17,27.7250003814697,28.3325004577637,27.5375003814697,28.2775001525879,4002000,26.680549621582
2021-02-18,27.7474994659424,28.0849990844727,27.3875007629395,27.9699993133545,4209200,26.390417098999
2021-02-19,28.1450004577637,28.3400001525879,27.8724994659424,27.9400005340576,3237200,26.362117767334
2021-02-22,27.4099998474121,28.3675003051758,27.3824996948242,28.0524997711182,4363200,26.4682579040527
2021-02-23,27.9174995422363,28.3799991607666,27.0799999237061,28.0849990844727,7878400,26.4989280700684
2021-02-24,27.8850002288818,29.3250007629395,27.7625007629395,29.1975002288818,5764800,27.5485992431641
2021-02-25,29.2325000762939,29.2924995422363,27.3950004577637,27.6574993133545,10187200,26.0955677032471
2021-02-26,27.7800006866455,27.7800006866455,26.4099998474121,26.4650001525879,9112800,24.9704113006592
2021-03-01,27.4925003051758,28.3775005340576,27.4925003051758,28.0424995422363,6774800,26.4588260650635
2021-03-02,28.0825004577637,28.2625007629395,27.6124992370605,27.6800003051758,4889600,26.116792678833
2021-03-03,27.5550003051758,28.1000003814697,27.2975006103516,27.3225002288818,6279600,25.7794876098633
2021-03-04,27.3724994659424,27.8449993133545,25.4249992370605,26.4424991607666,11221200,24.949182510376
2021-03-05,27.1924991607666,28.1000003814697,26.0249996185303,27.8824996948242,11432800,26.3078594207764
2021-03-08,28.3099994659424,29.6175003051758,28.0550003051758,28.7124996185303,10581600,27.0909862518311
2021-03-09,29.0174999237061,29.6450004577637,28.7600002288818,28.8024997711182,6373200,27.1759052276611
2021-03-10,29.3349990844727,30.3274993896484,29.2999992370605,30.0925006866455,8624800,28.3930530548096
2021-03-11,30.4500007629395,31.0874996185303,30.2124996185303,30.6224994659424,5902000,28.893123626709
2021-03-12,30.7350006103516,31.5100002288818,30.6725006103516,31.4950008392334,5845200,29.7163467407227
2021-03-15,31.7175006866455,32.0175018310547,31.0324993133545,31.9650001525879,7573600,30.1598072052002
2021-03-16,31.8974990844727,31.9400005340576,31.4575004577637,31.6149997711182,4664800,29.8295707702637
2021-03-17,31.7150001525879,32.2374992370605,31.4699993133545,32.1399993896484,5067200,30.3249244689941
2021-03-18,32.0275001525879,32.7750015258789,31.6149997711182,31.7525005340576,8412400,29.9593067169189
2021-03-19,31.5974998474121,31.5974998474121,30.6650009155273,30.9524993896484,6587600,29.2044849395752
2021-03-22,30.7724990844727,31.5300006866455,30.6849994659424,31.3199996948242,4325600,29.5512275695801
2021-03-23,31.0324993133545,31.3525009155273,30.2099990844727,30.3999996185303,5386400,28.7102279663086
2021-03-24,30.7325000762939,31.4150009155273,30.3899993896484,30.4025001525879,5136800,28.712589263916
2021-03-25,29.9950008392334,31.0925006866455,29.3999996185303,30.9575004577637,8426800,29.2367401123047
2021-03-26,31.3974990844727,32.3025016784668,31.1149997711182,32.2125015258789,8232400,30.4219856262207
2021-03-29,31.8400001525879,32.7750015258789,31.7425003051758,32.5400009155273,7852800,30.7312774658203
2021-03-30,32.372501373291,32.5224990844727,31.9750003814697,32.2574996948242,5796800,30.4644794464111
2021-03-31,32.2200012207031,32.5275001525879,32.0200004577637,32.0849990844727,5246400,30.3015689849854
2021-04-01,32.2750015258789,32.5074996948242,31.9624996185303,32.4625015258789,4472800,30.658088684082
2021-04-05,33.2050018310547,33.8499984741211,33.1925010681152,33.5724983215332,4810400,31.7063865661621
2021-04-06,33.4075012207031,33.6349983215332,33.1349983215332,33.2999992370605,3561200,31.4490356445312
2021-04-07,33.2400016784668,33.5574989318848,33.0400009155273,33.2975006103516,3127600,31.4466705322266
2021-04-08,33.2700004577637,33.5250015258789,33.0200004577637,33.5149993896484,4374400,31.6520824432373
2021-04-09,33.7099990844727,34.4174995422363,33.6124992370605,34.3675003051758,4182800,32.4571952819824
2021-04-12,34.1875,34.3499984741211,33.9874992370605,34.2425003051758,3470800,32.3391532897949
2021-04-13,33.9850006103516,34.2150001525879,33.6175003051758,34.0250015258789,4736800,32.1337432861328
2021-04-14,34.0200004577637,34.7224998474121,34.0050010681152,34.2449989318848,5158400,32.3415069580078
2021-04-15,34.6599998474121,35.2000007629395,34.6599998474121,35.125,3096000,33.1725845336914
2021-04-16,35.5625,35.7700004577637,35.3250007629395,35.622501373291,3647200,33.6424407958984
2021-04-19,35.3574981689453,35.4150009155273,34.9025001525879,35.247501373291,4568400,33.2882804870605
2021-04-20,34.8325004577637,34.9724998474121,34.0099983215332,34.4375,4568800,32.523307800293
2021-04-21,34.2799987792969,35.4550018310547,34.2550010681152,35.3974990844727,4136400,33.4299430847168
2021-04-22,35.3400001525879,35.3624992370605,34.0875015258789,34.3899993896484,6662400,32.478443145752
2021-04-23,34.3025016784668,35.4599990844727,34.1150016784668,35.0849990844727,4172000,33.1348075866699
2021-04-26,35.3325004577637,35.4324989318848,34.7999992370605,34.9550018310547,3397200,33.0120468139648
2021-04-27,34.8699989318848,35.1025009155273,34.5774993896484,34.9300003051758,2744400,32.9884300231934
2021-04-28,34.75,34.8125,34.3675003051758,34.4550018310547,3453200,32.5398330688477
2021-04-29,34.9300003051758,35.2249984741211,34.1699981689453,35.1450004577637,4639200,33.1914863586426
2021-04-30,34.6375007629395,34.8474998474121,34.2949981689453,34.625,4100800,32.7003898620605
2021-05-03,35.1775016784668,35.625,35.1300010681152,35.310001373291,3455200,33.3473052978516
2021-05-04,34.9550018310547,35.3950004577637,34.2174987792969,35.3800010681152,6792000,33.4134216308594
2021-05-05,35.6474990844727,35.9674987792969,35.064998626709,35.6549987792969,4588400,33.6731338500977
2021-05-06,35.8525009155273,36.7050018310547,35.5424995422363,36.685001373291,5460400,34.6458778381348
2021-05-07,36.5699996948242,37.5400009155273,36.439998626709,37.4199981689453,5168800,35.3400268554688
2021-05-10,37.8650016784668,38.4425010681152,37.3199996948242,37.375,6055600,35.297534942627
2021-05-11,36.4724998474121,36.5475006103516,35.1699981689453,35.8175010681152,9830400,33.826602935791
2021-05-12,35.375,35.5924987792969,33.5449981689453,33.6575012207031,8812800,31.7866611480713
2021-05-13,33.7249984741211,35.4500007629395,33.7249984741211,34.9674987792969,8333600,33.0238418579102
2021-05-14,35.5475006103516,36.3499984741211,35.4249992370605,36.1575012207031,6388800,34.1477012634277
2021-05-17,35.8274993896484,36.0999984741211,35.4524993896484,35.9474983215332,3982800,33.9493713378906
2021-05-18,36.0250015258789,36.2125015258789,35.0774993896484,35.1425018310547,3918400,33.1891212463379
2021-05-19,34.0424995422363,34.6500015258789,33.314998626709,34.6375007629395,8640400,32.7121887207031
2021-05-20,34.7449989318848,35.689998626709,34.6049995422363,35.2425003051758,4223200,33.2835540771484
2021-05-21,35.7249984741211,36.2724990844727,35.4099998474121,35.6450004577637,5297600,33.6636924743652
2021-05-24,36.0675010681152,36.4625015258789,35.9700012207031,36.252498626709,3657200,34.237419128418
2021-05-25,36.4799995422363,36.5800018310547,35.8250007629395,35.9949989318848,2680400,33.9942245483398
2021-05-26,36.1300010681152,36.2900009155273,35.8349990844727,36.0200004577637,1690800,34.0178451538086
2021-05-27,36.6599998474121,36.9199981689453,36.2050018310547,36.4150009155273,2965600,34.3908882141113
2021-05-28,37.0050010681152,37.0250015258789,36.685001373291,36.7700004577637,2128600,34.7261505126953
2021-06-01,37.685001373291,37.7099990844727,36.75,36.8600006103516,2565200,34.8111534118652
2021-06-02,37.125,37.2999992370605,36.7999992370605,36.9650001525879,2460400,34.9103202819824
2021-06-03,36.4249992370605,37.1749992370605,36.0849990844727,36.8899993896484,2377600,34.8394775390625
2021-06-04,37.2200012207031,37.5050010681152,37.0449981689453,37.4749984741211,2364600,35.3919677734375
2021-06-07,37.6599998474121,37.685001373291,36.8650016784668,37.0299987792969,2593200,34.9716987609863
2021-06-08,37.0849990844727,37.1549987792969,36.4650001525879,36.9599990844727,2732200,34.9055938720703
2021-06-09,37.0400009155273,37.1399993896484,36.4300003051758,36.4850006103516,2707800,34.4570083618164
2021-06-10,37.0299987792969,37.4049987792969,36.4650001525879,36.560001373291,3225200,34.5278244018555
2021-06-11,36.8499984741211,37.0250015258789,36.0800018310547,36.5449981689453,2349600,34.5136642456055
2021-06-14,36.4850006103516,36.4850006103516,35.7299995422363,36.314998626709,2967800,34.2964515686035
2021-06-15,36.3400001525879,36.3849983215332,35.689998626709,36.0499992370605,2357800,34.0461807250977
2021-06-16,36.0149993896484,36.0950012207031,34.7900009155273,35.1599998474121,4906400,33.2056427001953
2021-06-17,35.1300010681152,35.3549995422363,33.9000015258789,34.5400009155273,7331600,32.6201171875
2021-06-18,33.3549995422363,33.6500015258789,32.8549995422363,32.8950004577637,10742600,31.0665416717529
2021-06-21,33.6150016784668,34.7449989318848,33.3699989318848,34.6599998474121,6588200,32.7334403991699
2021-06-22,34.6399993896484,35.1349983215332,34.2299995422363,34.8650016784668,4504800,32.9441528320312
2021-06-23,34.8950004577637,35.064998626709,34.6049995422363,34.6100006103516,4525800,32.7031936645508
2021-06-24,35.2000007629395,35.7200012207031,35.1150016784668,35.625,5123000,33.662281036377
2021-06-25,36.1399993896484,36.5449981689453,35.9650001525879,36.3950004577637,4875600,34.3898582458496
2021-06-28,36.3699989318848,36.375,35.5449981689453,35.8650016784668,5846800,33.8890571594238
2021-06-29,36.2350006103516,36.4700012207031,35.8050003051758,35.8899993896484,4286800,33.9126739501953
2021-06-30,35.7249984741211,36.7000007629395,35.7249984741211,36.5400009155273,4602200,34.5268745422363
2021-07-01,36.7849998474121,36.9850006103516,36.5200004577637,36.9599990844727,3274600,34.9237365722656
2021-07-02,37.189998626709,37.5900001525879,36.9049987792969,37.4799995422363,3892800,35.4150924682617
2021-07-06,37.4199981689453,37.5299987792969,36.0750007629395,36.7999992370605,5822400,34.7725410461426
2021-07-07,36.7249984741211,37.2050018310547,36.3349990844727,37.1300010681152,5241800,35.0843696594238
2021-07-08,35.7550010681152,36.5200004577637,35.4049987792969,36.3400001525879,6698600,34.3378944396973
2021-07-09,37.0250015258789,37.7849998474121,36.7849998474121,37.7099990844727,4913400,35.6324157714844
2021-07-12,37.4599990844727,38.1949996948242,37.2449989318848,38.1500015258789,7657600,36.0481605529785
2021-07-13,37.9449996948242,38.189998626709,37.7200012207031,37.7900009155273,8063400,35.7080001831055
2021-07-14,38.1599998474121,38.3250007629395,37.5750007629395,37.9099998474121,4800000,35.8213996887207
2021-07-15,37.4099998474121,38.0900001525879,37.3199996948242,38.0699996948242,3718200,35.9725685119629
2021-07-16,38.4000015258789,38.4000015258789,36.9650001525879,37.0750007629395,3999400,35.0323905944824
2021-07-19,35.5050010681152,35.7400016784668,34.0800018310547,34.8549995422363,12854200,32.9347076416016
2021-07-20,35.0050010681152,36.810001373291,34.8499984741211,36.4949989318848,7238000,34.4843406677246
2021-07-21,37.0900001525879,37.4500007629395,36.8950004577637,37.4049987792969,3666000,35.3442077636719
2021-07-22,37.3400001525879,37.6549987792969,36.9749984741211,37.4900016784668,3492200,35.4245414733887
2021-07-23,38.0400009155273,38.3499984741211,37.7949981689453,38.25,3867200,36.1426658630371
2021-07-26,38.0299987792969,38.5099983215332,37.875,38.5050010681152,3648000,36.3836059570312
2021-07-27,38.0250015258789,38.25,37.6199989318848,38.2299995422363,6824600,36.1237640380859
2021-07-28,38.3899993896484,38.4500007629395,37.6150016784668,37.8199996948242,6668000,35.7363471984863
2021-07-29,38.3349990844727,38.5750007629395,38.1500015258789,38.2999992370605,4157200,36.1899070739746
2021-07-30,37.9850006103516,38.3600006103516,37.5900001525879,37.8400001525879,3760600,35.755241394043
2021-08-02,38.1549987792969,38.6349983215332,37.3849983215332,37.4900016784668,6135600,35.4245414733887
2021-08-03,37.7150001525879,38.4000015258789,37.0750007629395,38.3950004577637,7324800,36.2796669006348
2021-08-04,37.8800010681152,38.0400009155273,37.3199996948242,37.3499984741211,8212600,35.2922401428223
2021-08-05,37.6199989318848,38.185001373291,37.5499992370605,38.1800003051758,4102600,36.0765228271484
2021-08-06,38.5099983215332,38.7949981689453,38.4650001525879,38.6599998474121,4343000,36.5300712585449
2021-08-09,38.4949989318848,38.6549987792969,38.1599998474121,38.3400001525879,2882200,36.2277069091797
2021-08-10,38.439998626709,38.935001373291,38.314998626709,38.8800010681152,3697600,36.7379570007324
2021-08-11,39.2649993896484,39.6599998474121,39.185001373291,39.5999984741211,4521800,37.4182891845703
2021-08-12,39.685001373291,39.7099990844727,39.1949996948242,39.7000007629395,3588000,37.5127716064453
2021-08-13,39.8899993896484,40.0750007629395,39.6100006103516,39.7350006103516,3807400,37.5458374023438
2021-08-16,39.4000015258789,40.1399993896484,38.8199996948242,40.125,5871000,37.9143600463867
2021-08-17,39.2649993896484,39.4949989318848,38.439998626709,39.1949996948242,6957200,37.0355987548828
2021-08-18,38.814998626709,39.2849998474121,37.9000015258789,37.9700012207031,6253600,35.8780975341797
2021-08-19,37.0550003051758,38.0849990844727,37.0400009155273,37.7400016784668,8977600,35.6607513427734
2021-08-20,37.810001373291,38.6949996948242,37.6450004577637,38.5050010681152,5193400,36.3836059570312
2021-08-23,39.0900001525879,39.5349998474121,39.0849990844727,39.25,3304000,37.0875625610352
2021-08-24,39.4550018310547,39.5950012207031,39.3050003051758,39.3499984741211,2709200,37.1820526123047
2021-08-25,39.3650016784668,39.7750015258789,39.064998626709,39.4900016784668,3452400,37.3143424987793
2021-08-26,39.6100006103516,39.7599983215332,38.7799987792969,38.8250007629395,5054600,36.6859741210938
2021-08-27,38.9850006103516,39.7000007629395,38.9749984741211,39.625,4897200,37.4418983459473
2021-08-30,39.7299995422363,39.8199996948242,39.3699989318848,39.4599990844727,3456200,37.2859916687012
2021-08-31,39.3400001525879,39.685001373291,39.1399993896484,39.3699989318848,2917000,37.2009544372559
2021-09-01,39.5050010681152,39.5200004577637,39.1699981689453,39.2550010681152,3952800,37.0922927856445
2021-09-02,39.6599998474121,39.7900009155273,39.3699989318848,39.6800003051758,3030200,37.4938659667969
2021-09-03,39.2999992370605,39.6150016784668,39.0900001525879,39.4449996948242,3355600,37.2718162536621
2021-09-07,39.2750015258789,39.2799987792969,38.3899993896484,38.5499992370605,5711200,36.4261283874512
2021-09-08,38.3400001525879,38.7799987792969,37.9500007629395,38.310001373291,5092800,36.1993522644043
2021-09-09,38.2550010681152,38.875,37.7050018310547,37.8499984741211,5917000,35.7646942138672
2021-09-10,38.4799995422363,38.5999984741211,36.935001373291,36.9949989318848,7991800,34.9568061828613
2021-09-13,37.6949996948242,38.0099983215332,37.2249984741211,37.7949981689453,5385800,35.7127227783203
2021-09-14,38.1549987792969,38.2150001525879,36.6399993896484,36.9049987792969,10027600,34.8717651367188
2021-09-15,36.8650016784668,37.8300018310547,36.6699981689453,37.6349983215332,5588800,35.5615386962891
2021-09-16,37.6650009155273,38.0400009155273,36.7249984741211,37.4049987792969,5503000,35.3442077636719
2021-09-17,37.2200012207031,37.5,36.6549987792969,36.8549995422363,6662600,34.824520111084
2021-09-20,35.1100006103516,35.7299995422363,33.7599983215332,34.8800010681152,12927400,32.9583168029785
2021-09-21,35.4650001525879,35.9749984741211,34.7249984741211,34.7649993896484,8614400,32.8496475219727
2021-09-22,35.3800010681152,36.3450012207031,35.1500015258789,35.7799987792969,8504800,33.816520690918
2021-09-23,36.5,37.7099990844727,36.4150009155273,37.3800010681152,6071000,35.328727722168
2021-09-24,37.0099983215332,37.6399993896484,36.9650001525879,37.4700012207031,3866400,35.4137878417969
2021-09-27,37.5950012207031,38.314998626709,37.560001373291,37.7050018310547,4473400,35.6358833312988
2021-09-28,37.2750015258789,37.4449996948242,35.689998626709,35.8600006103516,8822400,33.8921356201172
2021-09-29,36.1500015258789,36.7150001525879,35.8400001525879,36.125,6671000,34.1425895690918
2021-09-30,36.5250015258789,36.6450004577637,34.3349990844727,34.3849983215332,12944800,32.4980735778809
2021-10-01,34.9249992370605,36.3699989318848,34.2050018310547,35.8899993896484,9882400,33.920482635498
2021-10-04,35.7000007629395,36.1500015258789,34.2750015258789,34.8849983215332,8850600,32.9706268310547
2021-10-05,35.2249984741211,36.375,35.0200004577637,35.8400001525879,6510200,33.8732376098633
2021-10-06,34.9749984741211,36.2000007629395,34.3800010681152,36.1549987792969,10417000,34.1709442138672
2021-10-07,37.0099983215332,37.9249992370605,36.9799995422363,37.2400016784668,5783400,35.1964149475098
2021-10-08,37.3549995422363,37.5200004577637,36.9099998474121,37.2350006103516,5056000,35.1916809082031
2021-10-11,37.25,37.8549995422363,36.3650016784668,36.4000015258789,6192800,34.4025077819824
2021-10-12,36.5849990844727,36.75,35.8250007629395,36.0250015258789,5553000,34.0480842590332
2021-10-13,36.0800018310547,36.25,35.1800003051758,36.064998626709,7761800,34.0858840942383
2021-10-14,37.1100006103516,37.7200012207031,36.8950004577637,37.6800003051758,5408800,35.6122589111328
2021-10-15,38.5200004577637,39.0149993896484,38.2949981689453,38.9500007629395,5099800,36.8125648498535
2021-10-18,38.435001373291,39.0250015258789,38.0699996948242,38.814998626709,4301800,36.6849784851074
2021-10-19,39.2000007629395,39.4749984741211,38.9099998474121,39.4749984741211,3814000,37.3087615966797
2021-10-20,39.5,40.1650009155273,39.4550018310547,39.9799995422363,4005000,37.7860412597656
2021-10-21,39.7750015258789,39.9900016784668,39.4000015258789,39.9599990844727,4423400,37.7671356201172
2021-10-22,39.9500007629395,40.5149993896484,39.7350006103516,40.2099990844727,6406200,38.00341796875
2021-10-25,40.4249992370605,40.5999984741211,40.060001373291,40.4949989318848,4688400,38.272777557373
2021-10-26,40.8300018310547,40.9500007629395,40.4199981689453,40.4500007629395,5511400,38.2302436828613
2021-10-27,40.6500015258789,40.7350006103516,39.6049995422363,39.6150016784668,5440400,37.4410743713379
2021-10-28,39.8600006103516,40.4000015258789,39.8600006103516,40.3899993896484,5512400,38.1735496520996
2021-10-29,40.1399993896484,40.7900009155273,40.060001373291,40.6800003051758,7042600,38.4476280212402
2021-11-01,41.1100006103516,41.310001373291,40.6049995422363,41,4796000,38.7500686645508
2021-11-02,41.0950012207031,41.5900001525879,40.875,41.4749984741211,3497000,39.1990051269531
2021-11-03,41.25,41.9150009155273,40.9150009155273,41.8400001525879,5215400,39.5439720153809
2021-11-04,41.7449989318848,41.8499984741211,41.2400016784668,41.7449989318848,5377800,39.4541816711426
2021-11-05,42.3050003051758,42.9900016784668,41.939998626709,42.435001373291,8716200,40.1063194274902
2021-11-08,43.0299987792969,43.2400016784668,42.435001373291,42.7999992370605,4032200,40.4512901306152
2021-11-09,42.7200012207031,42.7700004577637,41.9000015258789,42.4099998474121,5366800,40.082691192627
2021-11-10,42.1349983215332,42.560001373291,41.3600006103516,41.6399993896484,6518800,39.3549423217773
2021-11-11,41.6800003051758,41.6949996948242,41.0499992370605,41.0849990844727,3921800,38.8304061889648
2021-11-12,41.5,41.8499984741211,41.1150016784668,41.6949996948242,4233200,39.4069213867188
2021-11-15,42.1549987792969,42.189998626709,41.4850006103516,41.6749992370605,4040600,39.3880271911621
2021-11-16,41.875,42.4700012207031,41.8349990844727,41.9049987792969,4787600,39.6054077148438
2021-11-17,41.7249984741211,41.7900009155273,41.0849990844727,41.189998626709,5290200,38.9296417236328
2021-11-18,41.2350006103516,41.2449989318848,40.2449989318848,41.0299987792969,5789200,38.7784194946289
2021-11-19,40.7299995422363,40.7350006103516,39.8899993896484,40.0849990844727,7258000,37.8852806091309
2021-11-22,40.6049995422363,41.1949996948242,40.1399993896484,40.1749992370605,8082000,37.970344543457
2021-11-23,40.1749992370605,40.8950004577637,39.875,40.8050003051758,8751800,38.5657768249512
2021-11-24,40.1150016784668,40.8349990844727,40.0200004577637,40.7849998474121,8672600,38.5468597412109
2021-11-26,38.1549987792969,38.5349998474121,37.1349983215332,37.7400016784668,13199600,35.6689605712891
2021-11-29,38.8499984741211,38.9099998474121,37.6650009155273,38.4449996948242,10313400,36.3352813720703
2021-11-30,37.5999984741211,38.0050010681152,36.1549987792969,36.3199996948242,23371800,34.3268890380859
2021-12-01,37.310001373291,38.060001373291,34.8899993896484,34.935001373291,19477200,33.0179061889648
2021-12-02,35.3400001525879,37.2299995422363,35.1349983215332,36.9199981689453,19090000,34.8939628601074
2021-12-03,37.2200012207031,37.4249992370605,35.685001373291,36.6949996948242,21369000,34.6813087463379
2021-12-06,37.6500015258789,39.1699981689453,37.5099983215332,38.7900009155273,13623200,36.6613502502441
2021-12-07,39.8250007629395,40.7000007629395,39.7649993896484,40.3950004577637,9460200,38.1782760620117
2021-12-08,40.5449981689453,40.7949981689453,39.9700012207031,40.5,6498200,38.2775077819824
2021-12-09,40.060001373291,40.9000015258789,39.9300003051758,40.5250015258789,6388000,38.3011436462402
2021-12-10,41.0299987792969,41.2799987792969,40.3650016784668,41.2400016784668,7149000,38.9768981933594
2021-12-13,40.9749984741211,41.1650009155273,40,40.1749992370605,6632800,37.970344543457
2021-12-14,39.6800003051758,40.6049995422363,39.4449996948242,39.8549995422363,8795800,37.6679000854492
2021-12-15,39.7299995422363,41.125,39.2700004577637,41.0800018310547,12512600,38.8256759643555
2021-12-16,41.564998626709,41.9850006103516,40.560001373291,40.9500007629395,11097000,38.7028045654297
2021-12-17,40.1300010681152,40.310001373291,38.8650016784668,39.1650009155273,15660400,37.0157661437988
2021-12-20,37.7799987792969,37.8450012207031,36.8199996948242,37.7249984741211,18221000,35.65478515625
2021-12-21,38.6650009155273,39.564998626709,38.4500007629395,39.5200004577637,11121200,37.3512954711914
2021-12-22,39.5550003051758,40.4249992370605,39.2999992370605,40.3899993896484,6206800,38.1735496520996
2021-12-23,40.6450004577637,41.3650016784668,40.5849990844727,40.9900016784668,5473600,38.7939300537109
2021-12-27,41.1599998474121,42.2050018310547,41.0999984741211,42.1949996948242,5062800,39.9343643188477
2021-12-28,42.2200012207031,42.9650001525879,42.189998626709,42.5499992370605,7304000,40.2703514099121
2021-12-29,42.5550003051758,43.1399993896484,42.4850006103516,42.8549995422363,6551600,40.5590057373047
2021-12-30,43.1549987792969,43.5250015258789,42.4199981689453,42.5349998474121,6181000,40.2561454772949
2021-12-31,42.3899993896484,42.814998626709,42.1800003051758,42.3050003051758,5157000,40.0384712219238
2022-01-03,42.6749992370605,43.1949996948242,41.9599990844727,43.1599998474121,8828000,40.8476638793945
2022-01-04,43.7200012207031,44.3899993896484,43.6800003051758,43.9199981689453,11696400,41.5669479370117
2022-01-05,43.8499984741211,44.4900016784668,42.5149993896484,42.5349998474121,16803200,40.2561454772949
2022-01-06,42.564998626709,42.75,41.8050003051758,41.9550018310547,14064600,39.7072296142578
2022-01-07,41.7849998474121,42.4650001525879,41.5099983215332,41.9449996948242,12673200,39.6977653503418
2022-01-10,41.4900016784668,41.5349998474121,39.8800010681152,41.3899993896484,16131600,39.1724967956543
2022-01-11,41.3549995422363,42.064998626709,40.3199996948242,41.9949989318848,15414400,39.7450828552246
2022-01-12,42.4000015258789,42.6949996948242,41.689998626709,42.1650009155273,9389800,39.9059791564941
2022-01-13,42.5849990844727,42.8849983215332,41.2449989318848,41.5050010681152,12696800,39.2813415527344
2022-01-14,40.4850006103516,41.0349998474121,39.8600006103516,40.810001373291,16533200,38.6235733032227
2022-01-18,39.5050010681152,39.5099983215332,38.5800018310547,38.9900016784668,13915200,36.9010810852051
2022-01-19,39.3499984741211,39.5499992370605,37.7900009155273,37.8499984741211,14496400,35.822151184082
2022-01-20,38.1650009155273,39.3499984741211,36.685001373291,36.8499984741211,15143800,34.875732421875
2022-01-21,36.8549995422363,37.4099998474121,35.2750015258789,35.3349990844727,24885800,33.4418983459473
2022-01-24,34.1300010681152,35.8899993896484,31.9300003051758,35.7649993896484,42232800,33.8488578796387
2022-01-25,34.5999984741211,36.4150009155273,33.1399993896484,35.5800018310547,21821800,33.6737594604492
2022-01-26,36.4850006103516,37.0900001525879,34.1450004577637,35.0800018310547,21434400,33.2005615234375
2022-01-27,35.9850006103516,36.9550018310547,34.5699996948242,35.0400009155273,19378000,33.1626892089844
2022-01-28,35.1599998474121,36.810001373291,33.9550018310547,36.8050003051758,19206800,34.8331413269043
2022-01-31,36.3349990844727,38.1300010681152,36.0250015258789,38.0299987792969,11197000,35.9925155639648
2022-02-01,38.2550010681152,39.0849990844727,37.5999984741211,38.9700012207031,9120800,36.8821487426758
2022-02-02,38.8450012207031,39.8800010681152,38.5950012207031,39.689998626709,10446000,37.5635757446289
2022-02-03,39.2550010681152,39.3849983215332,37.8450012207031,37.9700012207031,11741000,35.9357376098633
2022-02-04,37.7400016784668,38.7099990844727,36.9500007629395,37.9300003051758,10312400,35.8978691101074
2022-02-07,38.0499992370605,38.6699981689453,37.5900001525879,37.935001373291,7342400,35.9025993347168
2022-02-08,38.2099990844727,39.375,37.9000015258789,39.1300010681152,8413200,37.033576965332
2022-02-09,40.0499992370605,40.2949981689453,39.8199996948242,40.1500015258789,8720200,37.9989242553711
2022-02-10,39.1599998474121,40.2750015258789,37.9099998474121,38.3899993896484,14605400,36.3332290649414
2022-02-11,38.3899993896484,39.0349998474121,36.3499984741211,36.7050018310547,19893400,34.7384910583496
2022-02-14,36.5149993896484,36.7799987792969,35.3849983215332,36.2400016784668,18719000,34.2984085083008
2022-02-15,37.2000007629395,37.7849998474121,37.0349998474121,37.5699996948242,8959000,35.5571594238281
2022-02-16,37.1599998474121,37.7700004577637,36.4799995422363,37.435001373291,10160600,35.4293899536133
2022-02-17,36.7150001525879,36.7999992370605,35.2400016784668,35.4550018310547,13458800,33.555477142334
2022-02-18,35.3450012207031,35.8199996948242,34.4249992370605,34.7949981689453,11917400,32.9308280944824
2022-02-22,34.1100006103516,34.5950012207031,32.5550003051758,33.2750015258789,16110000,31.492259979248
2022-02-23,33.939998626709,33.9599990844727,31.7549991607666,31.9449996948242,13343200,30.2335186004639
2022-02-24,29.4500007629395,32.3050003051758,29.3950004577637,32.1749992370605,33850000,30.4511966705322
2022-02-25,32.5699996948242,34.7099990844727,32.4000015258789,34.5950012207031,31527600,32.7415466308594
2022-02-28,33.1399993896484,34.3450012207031,32.8199996948242,34.1500015258789,20512000,32.3203964233398
2022-03-01,33.5849990844727,34.0999984741211,31.7849998474121,32.3899993896484,25213000,30.6546821594238
2022-03-02,32.9449996948242,34.4500007629395,32.7750015258789,34.0550003051758,18178000,32.2304763793945
2022-03-03,34.5499992370605,34.9550018310547,33.3300018310547,33.7649993896484,17965000,31.9560108184814
2022-03-04,32.689998626709,33.3800010681152,32.1650009155273,33.2249984741211,21137000,31.4449443817139
2022-03-07,32.8400001525879,32.935001373291,30.8449993133545,30.875,19679600,29.2208423614502
2022-03-08,30.9300003051758,32.5499992370605,30.2049999237061,30.3400001525879,20477000,28.7145080566406
2022-03-09,32.2050018310547,32.7150001525879,31.7450008392334,32.2249984741211,11109200,30.4985179901123
2022-03-10,31.0799999237061,32.0849990844727,30.8700008392334,31.9150009155273,9373800,30.2051239013672
2022-03-11,32.4550018310547,32.9199981689453,31.1800003051758,31.2600002288818,9157200,29.5852184295654
2022-03-14,31.75,32.5699996948242,30.9200000762939,31.3050003051758,14474800,29.6278076171875
2022-03-15,31.8250007629395,33.2099990844727,31.5750007629395,32.9949989318848,11180000,31.2272605895996
2022-03-16,33.8899993896484,34.564998626709,32.5400009155273,34.5550003051758,13062400,32.703685760498
2022-03-17,34.0349998474121,35.8199996948242,34.0299987792969,35.7900009155273,7783000,33.8725204467773
2022-03-18,35.5099983215332,36.6450004577637,35.1500015258789,36.6199989318848,8833800,34.6580543518066
2022-03-21,36.4099998474121,36.8050003051758,35.3349990844727,36,9010400,34.0712661743164
2022-03-22,36.5250015258789,37.0299987792969,36.4550018310547,36.8600006103516,6136000,34.885196685791
2022-03-23,36.1949996948242,36.2949981689453,35.3250007629395,35.3349990844727,8113600,33.4618759155273
2022-03-24,35.689998626709,36.439998626709,35.3300018310547,36.4249992370605,6028600,34.4940872192383
2022-03-25,36.6049995422363,37.1650009155273,36.1749992370605,36.8849983215332,8310600,34.9297027587891
2022-03-28,36.7050018310547,37.2200012207031,35.9099998474121,37.2200012207031,13273600,35.246940612793
2022-03-29,38.25,38.560001373291,37.4249992370605,38.3199996948242,10019800,36.2886390686035
2022-03-30,38.0449981689453,38.4850006103516,37.5050010681152,38.0499992370605,14028600,36.0329475402832
2022-03-31,37.7150001525879,37.8800010681152,36.310001373291,36.3300018310547,16669200,34.4041328430176
2022-04-01,36.7249984741211,36.7999992370605,35.8250007629395,36.7050018310547,14650400,34.7592353820801
2022-04-04,36.564998626709,37.0950012207031,36.060001373291,37.0449981689453,17307600,35.0812187194824
2022-04-05,36.6150016784668,37.6599998474121,35.9099998474121,36.1699981689453,11702600,34.252613067627
2022-04-06,35.3199996948242,36.0699996948242,35.0200004577637,35.685001373291,13036000,33.7933235168457
2022-04-07,35.3250007629395,36.375,34.7599983215332,36.0200004577637,19116200,34.1105575561523
2022-04-08,35.9500007629395,37.0149993896484,35.6100006103516,36.4599990844727,12730000,34.527229309082
2022-04-11,35.8450012207031,36.3699989318848,35.0050010681152,35.1199989318848,11643000,33.2582664489746
2022-04-12,35.4799995422363,36.2400016784668,34.4749984741211,34.8450012207031,12813800,32.9978485107422
2022-04-13,34.6650009155273,36.0050010681152,34.6450004577637,35.9199981689453,8423800,34.0158576965332
2022-04-14,36.25,36.8800010681152,35.4949989318848,35.5400009155273,7866800,33.6560134887695
2022-04-18,35.3450012207031,36.0449981689453,34.9850006103516,35.4249992370605,10390600,33.5470886230469
2022-04-19,35.4900016784668,37.1650009155273,35.4900016784668,36.9799995422363,10001200,35.0196647644043
2022-04-20,37.5950012207031,38.2350006103516,37.3549995422363,37.7449989318848,11912800,35.7441139221191
2022-04-21,38.4799995422363,38.8250007629395,36.3349990844727,36.5400009155273,16491400,34.6029930114746
2022-04-22,36.0849990844727,36.0999984741211,33.3699989318848,33.5149993896484,25706200,31.7383460998535
2022-04-25,33.0050010681152,34.3650016784668,32.0200004577637,34.2150001525879,35267000,32.401237487793
2022-04-26,33.439998626709,33.7449989318848,31.7049999237061,31.7150001525879,21295800,30.0337657928467
2022-04-27,32.1500015258789,33.060001373291,31.3600006103516,31.9200000762939,47698200,30.227897644043
2022-04-28,32.564998626709,34.0849990844727,31.7549991607666,33.7200012207031,26374600,31.9324836730957
2022-04-29,33.2999992370605,33.7000007629395,30.6800003051758,30.8549995422363,23913600,29.2193546295166
2022-05-02,31.0400009155273,31.6000003814697,29.3850002288818,31.1350002288818,35424400,29.4845142364502
2022-05-03,31.2900009155273,31.9099998474121,30.6900005340576,31.3050003051758,13418600,29.6455020904541
2022-05-04,31.4699993133545,34.0999984741211,30.9850006103516,33.9700012207031,17241800,32.1692276000977
2022-05-05,33.1049995422363,33.2249984741211,29.8400001525879,30.8400001525879,19779600,29.2051544189453
2022-05-06,30.1350002288818,30.9449996948242,29.2950000762939,30.5249996185303,20712400,28.9068489074707
2022-05-09,29.3600006103516,29.7299995422363,28.3449993133545,28.7199993133545,18422400,27.1975345611572
2022-05-10,29.7600002288818,30.0400009155273,27.7450008392334,28.4899997711182,21784400,26.9797286987305
2022-05-11,28.4650001525879,29.6049995422363,27.5100002288818,27.6049995422363,18006600,26.1416435241699
2022-05-12,27.1049995422363,27.8349990844727,26.0400009155273,27.3700008392334,21553400,25.9190979003906
2022-05-13,28.0149993896484,28.7649993896484,27.6849994659424,28.5499992370605,8945800,27.036548614502
2022-05-16,28.4050006866455,29.4400005340576,27.8799991607666,28.6749992370605,12345800,27.1549186706543
2022-05-17,29.7749996185303,29.9099998474121,28.8700008392334,29.8050003051758,9510400,28.2250213623047
2022-05-18,29.0349998474121,29.0949993133545,26.3850002288818,26.7099990844727,12350400,25.2940826416016
2022-05-19,25.7849998474121,26.8700008392334,25.4750003814697,26.0650005340576,11610800,24.6832809448242
2022-05-20,26.6650009155273,26.7250003814697,24.5249996185303,26.0799999237061,17565800,24.6974830627441
2022-05-23,26.7950000762939,27.8700008392334,26.6450004577637,27.6499996185303,14317400,26.1842575073242
2022-05-24,27.0699996948242,28,26.2999992370605,27.8099994659424,13463400,26.3357753753662
2022-05-25,27.4099998474121,28.625,27.2999992370605,28.2950000762939,10267600,26.7950630187988
2022-05-26,28.7399997711182,30,28.7099990844727,29.6499996185303,10033800,28.0782337188721
2022-05-27,29.8400001525879,31.1949996948242,29.7549991607666,31.1849994659424,8912600,29.5318622589111
2022-05-31,30.6399993896484,31.3099994659424,29.9300003051758,30.6550006866455,7671800,29.0299587249756
2022-06-01,31.3099994659424,31.4150009155273,29.5,30.1450004577637,8033800,28.5469932556152
2022-06-02,30.1599998474121,31.3400001525879,29.3050003051758,31.3299999237061,7691000,29.6691761016846
2022-06-03,30.5249996185303,31.0499992370605,30.1949996948242,30.375,6752200,28.764799118042
2022-06-06,30.9950008392334,31.3099994659424,30.1499996185303,30.4099998474121,6538800,28.7979488372803
2022-06-07,29.6550006866455,31.2250003814697,29.6550006866455,31.1399993896484,4948600,29.4892501831055
2022-06-08,30.7049999237061,31.0849990844727,30.1399993896484,30.3549995422363,4579200,28.7458610534668
2022-06-09,30,30.5200004577637,28.6049995422363,28.6200008392334,5355200,27.102840423584
2022-06-10,27.3299999237061,27.4850006103516,26.2749996185303,26.2950000762939,9366800,24.9010829925537
2022-06-13,24.6000003814697,25.1000003814697,23.7199993133545,24.1049995422363,11109600,22.8271827697754
2022-06-14,24.3050003051758,24.5149993896484,23.2099990844727,23.7649993896484,11636400,22.5052032470703
2022-06-15,24.2749996185303,25.2600002288818,23.2950000762939,24.4549999237061,11107000,23.1586227416992
2022-06-16,23.0450000762939,23.1100006103516,22.2399997711182,22.7049999237061,9851800,21.5013942718506
2022-06-17,22.4850006103516,23.2250003814697,22.0499992370605,22.5900001525879,13231800,21.3924922943115
2022-06-21,23.5650005340576,24.3250007629395,23.4599990844727,24.0550003051758,8728400,22.7798328399658
2022-06-22,23.0599994659424,24.5,23.0149993896484,23.7749996185303,9664400,22.6303901672363
2022-06-23,24.0300006866455,24.3500003814697,23.3400001525879,24.25,8402000,23.08251953125
2022-06-24,24.8850002288818,26.25,24.8299999237061,26.25,5509600,24.9862327575684
2022-06-27,26.2999992370605,26.4400005340576,25.8150005340576,26.0799999237061,5249800,24.8244190216064
2022-06-28,26.5100002288818,27.1450004577637,24.7800006866455,24.8250007629395,5430000,23.6298370361328
2022-06-29,25.0499992370605,25.3250007629395,24.6800003051758,24.9850006103516,8107400,23.782133102417
2022-06-30,24.1749992370605,24.8999996185303,23.5550003051758,24.4500007629395,10710400,23.2728958129883
2022-07-01,24.3050003051758,25.2549991607666,23.6900005340576,25.1350002288818,10439800,23.9249095916748
2022-07-05,24.1299991607666,24.8649997711182,23.3700008392334,24.8500003814697,13075800,23.6536350250244
2022-07-06,24.9200000762939,25.4699993133545,24.4249992370605,25.0149993896484,8053200,23.8106899261475
2022-07-07,25.5,25.9449996948242,25.2900009155273,25.8600006103516,5456000,24.6150074005127
2022-07-08,25.7150001525879,26.1650009155273,25.4200000762939,25.7450008392334,5857400,24.5055446624756
2022-07-11,25.2999992370605,25.8050003051758,25.1849994659424,25.3349990844727,5695600,24.1152877807617
2022-07-12,24.9899997711182,25.7450008392334,24.5550003051758,24.8799991607666,5716200,23.6821918487549
2022-07-13,23.9750003814697,24.8700008392334,23.7150001525879,24.3500003814697,8253400,23.1777076721191
2022-07-14,23.1399993896484,24.1149997711182,22.8449993133545,24.0100002288818,9325800,22.854076385498
2022-07-15,25.0849990844727,25.5349998474121,24.6849994659424,25.5200004577637,6628600,24.2913780212402
2022-07-18,26.25,26.4050006866455,24.7800006866455,25.0100002288818,5329800,23.8059310913086
2022-07-19,25.6000003814697,26.875,25.5,26.8099994659424,5863200,25.5192718505859
2022-07-20,26.8600006103516,27.1399993896484,26.3850002288818,26.9599990844727,6970400,25.6620464324951
2022-07-21,26.6849994659424,27.3799991607666,26.0949993133545,27.375,7350600,26.057071685791
2022-07-22,27.7099990844727,27.8299999237061,26.5900001525879,27.0300006866455,6603800,25.7286796569824
2022-07-25,27.2950000762939,27.3549995422363,26.8199996948242,27.25,4454800,25.9380912780762
2022-07-26,26.9699993133545,27.1200008392334,26.5149993896484,26.6350002288818,3838400,25.3526992797852
2022-07-27,26.9400005340576,28.1100006103516,26.7649993896484,27.7549991607666,5256800,26.4187812805176
2022-07-28,27.8549995422363,28.8050003051758,27.1749992370605,28.5799999237061,5120600,27.2040596008301
2022-07-29,28.6350002288818,29.6299991607666,28.4950008392334,29.4500007629395,4375000,28.0321750640869
2022-08-01,28.9750003814697,29.7600002288818,28.8700008392334,29.3099994659424,4061400,27.8989162445068
2022-08-02,29.0100002288818,29.2250003814697,28.1900005340576,28.2350006103516,6556000,26.8756694793701
2022-08-03,28.6599998474121,29.5550003051758,28.5149993896484,29.2999992370605,4840400,27.8893947601318
2022-08-04,29.1499996185303,29.3250007629395,28.8500003814697,29.0650005340576,4785200,27.6657104492188
2022-08-05,28.4599990844727,29.2849998474121,28.4249992370605,29.2199993133545,4428400,27.8132476806641
2022-08-08,29.7199993133545,30.0699996948242,29.1550006866455,29.3400001525879,4462400,27.9274730682373
2022-08-09,29.2800006866455,29.4650001525879,28.9950008392334,29.2099990844727,2730800,27.8037300109863
2022-08-10,30.4549999237061,30.7700004577637,30.2749996185303,30.5949993133545,3382200,29.122049331665
2022-08-11,31.2900009155273,31.5900001525879,30.5750007629395,30.7299995422363,3476800,29.2505474090576
2022-08-12,31.0200004577637,31.8799991607666,30.8600006103516,31.8649997711182,3023000,30.330904006958
2022-08-15,31.3600006103516,32.4300003051758,31.3549995422363,32.2949981689453,3668200,30.7402057647705
2022-08-16,32.1150016784668,33.3549995422363,32.1150016784668,32.9749984741211,3995600,31.3874702453613
2022-08-17,32.3600006103516,33.060001373291,32.0800018310547,32.5099983215332,3816200,30.9448509216309
2022-08-18,32.5,32.7249984741211,32.1500015258789,32.6150016784668,3061400,31.0448017120361
2022-08-19,32.1500015258789,32.2400016784668,31.5450000762939,31.7749996185303,3106600,30.2452430725098
2022-08-22,30.6550006866455,30.7749996185303,29.8099994659424,30,4817000,28.5556945800781
2022-08-23,29.8549995422363,30.1599998474121,29.4099998474121,29.5499992370605,3647600,28.1273612976074
2022-08-24,29.4799995422363,30.0400009155273,29.3250007629395,29.7199993133545,2974400,28.2891750335693
2022-08-25,29.7600002288818,30.5900001525879,29.4799995422363,30.5849990844727,4284400,29.11252784729
2022-08-26,30.6749992370605,30.7450008392334,27.7549991607666,27.7849998474121,7034600,26.4473342895508
2022-08-29,27.1550006866455,27.875,26.9500007629395,27.3050003051758,4318800,25.9904403686523
2022-08-30,27.5400009155273,27.5650005340576,26.1399993896484,26.5349998474121,5509800,25.257511138916
2022-08-31,26.6399993896484,27.0349998474121,25.8999996185303,25.9099998474121,5086600,24.6626033782959
2022-09-01,25.5550003051758,26.2800006866455,25.1650009155273,26.2399997711182,6865400,24.9767150878906
2022-09-02,26.9300003051758,27.1550006866455,25.0599994659424,25.3999996185303,7182200,24.1771545410156
2022-09-06,25.5699996948242,25.7549991607666,24.7250003814697,25.0300006866455,5345600,23.8249702453613
2022-09-07,24.9050006866455,26.1650009155273,24.8400001525879,26.0100002288818,4227800,24.7577877044678
2022-09-08,25.625,26.5149993896484,25.3500003814697,26.4899997711182,5819200,25.2146778106689
2022-09-09,26.9300003051758,27.6450004577637,26.7900009155273,27.4850006103516,3558800,26.1617774963379
2022-09-12,27.7549991607666,28.3500003814697,27.7150001525879,28.0349998474121,3636000,26.6852989196777
2022-09-13,26.5400009155273,26.7649993896484,24.4899997711182,24.7299995422363,7450800,23.5394096374512
2022-09-14,24.8799991607666,25.1350002288818,24.2049999237061,24.8050003051758,5361600,23.6107997894287
2022-09-15,24.6800003051758,25.125,24.1800003051758,24.3850002288818,6511800,23.2110195159912
2022-09-16,23.5249996185303,24.1450004577637,23.3799991607666,23.9950008392334,6068400,22.8397998809814
2022-09-19,23.3950004577637,24.5149993896484,23.3799991607666,24.5049991607666,3862000,23.3252429962158
2022-09-20,23.9150009155273,23.9899997711182,23.1900005340576,23.7600002288818,6041200,22.6161098480225
2022-09-21,24.125,24.5049991607666,22.5300006866455,22.5349998474121,10184400,21.4500885009766
2022-09-22,22.4750003814697,22.7849998474121,22.1000003814697,22.2649993896484,6080600,21.1930828094482
2022-09-23,21.625,21.6700000762939,20.4349994659424,21.2199993133545,8209400,20.198392868042
2022-09-26,20.9150009155273,21.2749996185303,20.2600002288818,20.5249996185303,7237600,19.5368537902832
2022-09-27,20.9650001525879,21.3150005340576,19.8349990844727,20.2350006103516,7397600,19.2608165740967
2022-09-28,20.4400005340576,21.6100006103516,20.1550006866455,21.3400001525879,7538200,20.3126163482666
2022-09-29,20.9200000762939,20.9200000762939,19.8400001525879,20.3449993133545,8634600,19.3655185699463
2022-09-30,20.1399993896484,20.6149997711182,19.2700004577637,19.3050003051758,7434600,18.3755912780762
2022-10-03,19.9950008392334,21.1450004577637,19.75,20.8199996948242,7882800,19.8176536560059
2022-10-04,21.6200008392334,22.5949993133545,21.5949993133545,22.5799999237061,6666200,21.492919921875
2022-10-05,21.7999992370605,22.8899993896484,21.6100006103516,22.4899997711182,5619800,21.4072513580322
2022-10-06,22.1849994659424,22.6049995422363,21.5499992370605,21.7000007629395,7151400,20.6552848815918
2022-10-07,21.1299991607666,21.1700000762939,19.9899997711182,20.3299999237061,6873200,19.3512439727783
2022-10-10,20.6149997711182,20.7250003814697,19.7299995422363,20.1350002288818,5587000,19.1656284332275
2022-10-11,19.9500007629395,20.9699993133545,19.8500003814697,20.1749992370605,7130800,19.2037048339844
2022-10-12,20.2399997711182,20.6399993896484,19.9799995422363,20.1399993896484,6273800,19.1703929901123
2022-10-13,19.0799999237061,22.1100006103516,18.9899997711182,21.8600006103516,15477800,20.8075828552246
2022-10-14,22.2999992370605,22.6900005340576,20.9050006866455,21.0400009155273,14486400,20.0270614624023
2022-10-17,21.9300003051758,22.3999996185303,21.7150001525879,22.1299991607666,6706000,21.064582824707
2022-10-18,23.4750003814697,23.5300006866455,22.3549995422363,22.9050006866455,7539200,21.8022747039795
2022-10-19,22.6200008392334,23.1599998474121,22.1749992370605,22.6299991607666,7971400,21.5405120849609
2022-10-20,22.7649993896484,23.5149993896484,22.2600002288818,22.4050006866455,8122400,21.3263454437256
2022-10-21,22.3899993896484,24.1700000762939,22.1350002288818,24.0849990844727,10525000,22.9254608154297
2022-10-24,24.5,25.2849998474121,24.2649993896484,25.0750007629395,10693400,23.8678035736084
2022-10-25,24.875,25.9500007629395,24.8400001525879,25.8799991607666,7169600,24.6340465545654
2022-10-26,25.7399997711182,26.6650009155273,25.7049999237061,25.8799991607666,7100600,24.6340465545654
2022-10-27,26.6100006103516,27.1700000762939,26.2099990844727,26.3649997711182,9411000,25.0956993103027
2022-10-28,26.6450004577637,28.4050006866455,26.5849990844727,28.3199996948242,11721600,26.9565773010254
2022-10-31,27.8500003814697,28.3899993896484,27.6350002288818,28.0249996185303,8906000,26.6757755279541
2022-11-01,28.5400009155273,28.6299991607666,27.3549995422363,27.7800006866455,8015000,26.4425773620605
2022-11-02,27.5349998474121,28.8649997711182,26.4549999237061,26.4799995422363,18726000,25.2051601409912
2022-11-03,25.9150009155273,26.5750007629395,25.4300003051758,26.0799999237061,11016200,24.8244190216064
2022-11-04,27.0100002288818,27.6149997711182,25.9099998474121,27.1149997711182,11683000,25.8095893859863
2022-11-07,27.3400001525879,28.3199996948242,27.1200008392334,28.1849994659424,7002000,26.8280773162842
2022-11-08,28.4799995422363,29.5,28.1499996185303,29.0100002288818,13906800,27.6133575439453
2022-11-09,28.4500007629395,28.7749996185303,27.2250003814697,27.3349990844727,9250200,26.0189990997314
2022-11-10,29.5650005340576,30.375,28.9500007629395,30.3199996948242,11877400,28.8602924346924
2022-11-11,30.5650005340576,30.6200008392334,29.4850006103516,30.4400005340576,10193400,28.9745121002197
2022-11-14,30.1450004577637,31.0200004577637,29.8600006103516,29.9150009155273,6024000,28.4747905731201
2022-11-15,30.6350002288818,31.0499992370605,29.2549991607666,30.0100002288818,9640000,28.5652160644531
2022-11-16,29.8299999237061,30.2800006866455,29.8299999237061,29.9799995422363,5564200,28.5366554260254
2022-11-17,29.0300006866455,30.1350002288818,29.0300006866455,29.9650001525879,5961400,28.5223827362061
2022-11-18,30.4750003814697,30.6749992370605,29.8999996185303,30.4799995422363,6266200,29.0125846862793
2022-11-21,30.5249996185303,30.7999992370605,29.9599990844727,30.3649997711182,4504600,28.9031219482422
2022-11-22,30.8299999237061,31.4500007629395,30.7099990844727,31.4050006866455,6217800,29.8930530548096
2022-11-23,31.2900009155273,31.8349990844727,31.1200008392334,31.6800003051758,6530200,30.1548156738281
2022-11-25,31.6700000762939,32.1650009155273,31.6700000762939,32.060001373291,2699600,30.5165195465088
2022-11-28,31.5249996185303,31.9300003051758,30.5149993896484,30.6650009155273,5411200,29.1886825561523
2022-11-29,30.5,30.8950004577637,30.1499996185303,30.6499996185303,3977800,29.1744022369385
2022-11-30,30.7150001525879,32.7299995422363,30.0300006866455,32.7050018310547,9466800,31.1304721832275
2022-12-01,32.8650016784668,32.875,31.4349994659424,32.2050018310547,7479400,30.6545372009277
2022-12-02,31.2199993133545,32.4799995422363,31.2150001525879,32.3050003051758,5920400,30.7497253417969
2022-12-05,31.6599998474121,31.8799991607666,30.6650009155273,30.9599990844727,5980400,29.4694747924805
2022-12-06,30.8700008392334,31.1100006103516,29.5,29.9799995422363,5562800,28.5366554260254
2022-12-07,29.8700008392334,30.4650001525879,29.7150001525879,29.9650001525879,6074200,28.5223827362061
2022-12-08,30.2749996185303,30.7950000762939,30.1000003814697,30.4650001525879,5788200,28.99831199646
2022-12-09,30.2299995422363,30.6399993896484,29.5949993133545,29.6450004577637,4736400,28.2177867889404
2022-12-12,29.7749996185303,31.0200004577637,29.7749996185303,31.0100002288818,5846200,29.5170707702637
2022-12-13,33.0750007629395,33.0849990844727,30.7099990844727,31.3299999237061,9264600,29.821662902832
2022-12-14,31.3250007629395,32.1100006103516,30.1800003051758,30.9050006866455,8312600,29.4171257019043
2022-12-15,29.875,30.0949993133545,28.2849998474121,28.8299999237061,8548600,27.4420280456543
2022-12-16,28.1049995422363,28.4150009155273,27.3700008392334,28.0200004577637,6842600,26.6710186004639
2022-12-19,28.0200004577637,28.3700008392334,27.1849994659424,27.625,5484200,26.2950382232666
2022-12-20,27.6749992370605,28.2250003814697,27.3549995422363,27.8500003814697,6323400,26.5092029571533
2022-12-21,28.6599998474121,29.3549995422363,28.5400009155273,29.1800003051758,6324800,27.7751750946045
2022-12-22,28.5300006866455,28.5949993133545,26.9650001525879,28.1800003051758,8609800,26.9072303771973
2022-12-23,27.9850006103516,28.6499996185303,27.6049995422363,28.6100006103516,6081400,27.3178119659424
2022-12-27,28.6550006866455,29.0699996948242,28.2199993133545,28.6949996948242,6328400,27.3989677429199
2022-12-28,28.7600002288818,29.0499992370605,27.6949996948242,27.7049999237061,6301800,26.4536800384521
2022-12-29,28.1550006866455,28.7450008392334,28.0550003051758,28.5499992370605,4925800,27.2605171203613
2022-12-30,28.1599998474121,28.3649997711182,27.5750007629395,28.3500003814697,5221800,27.0695476531982
2023-01-03,28.6350002288818,28.9750003814697,27.5799999237061,28.3150005340576,6166800,27.0361328125
2023-01-04,28.6499996185303,29.0349998474121,28.0400009155273,28.6650009155273,6153200,27.3703231811523
2023-01-05,28.1900005340576,28.2600002288818,27.4650001525879,27.7700004577637,6584200,26.5157508850098
2023-01-06,28.4950008392334,29.7549991607666,27.9300003051758,29.5300006866455,9958600,28.196252822876
2023-01-09,29.8899993896484,30.3500003814697,29.1749992370605,29.2700004577637,7323200,27.9479999542236
2023-01-10,29.2049999237061,29.7849998474121,28.9699993133545,29.7600002288818,4695600,28.415864944458
2023-01-11,30.0650005340576,30.4300003051758,29.7299995422363,30.4099998474121,4529400,29.0365104675293
2023-01-12,30.6550006866455,31.2600002288818,29.9099998474121,30.9850006103516,9564600,29.5855407714844
2023-01-13,30.2199993133545,31.3850002288818,30.1849994659424,31.2549991607666,5909800,29.8433418273926
2023-01-17,31.0699996948242,31.1700000762939,30.0550003051758,30.2000007629395,4913600,28.8359928131104
2023-01-18,30.3050003051758,30.4549999237061,28.4650001525879,28.5249996185303,6556600,27.236644744873
2023-01-19,28,28.3700008392334,27.7350006103516,27.9249992370605,5345000,26.6637496948242
2023-01-20,28.0300006866455,28.75,27.6399993896484,28.7099990844727,6460600,27.4132919311523
2023-01-23,28.9799995422363,29.7749996185303,28.5599994659424,29.3600006103516,5747400,28.0339336395264
2023-01-24,29.0650005340576,29.7700004577637,28.7199993133545,29.5949993133545,4029000,28.2583198547363
2023-01-25,28.8500003814697,29.7350006103516,28.3999996185303,29.6550006866455,7124800,28.3156108856201
2023-01-26,29.9200000762939,30.1849994659424,29.3299999237061,30.1599998474121,4875200,28.7978019714355
2023-01-27,30.1650009155273,30.7350006103516,29.8349990844727,30.2199993133545,4571000,28.8550872802734
2023-01-30,29.8999996185303,30.4249992370605,29.4699993133545,29.5249996185303,5023400,28.1914806365967
2023-01-31,29.6749992370605,30.5149993896484,29.375,30.5,4630400,29.1224460601807
2023-02-01,30.0300006866455,31.1650009155273,29.0949993133545,30.5349998474121,9193200,29.1558628082275
2023-02-02,30.6149997711182,30.6200008392334,29.7199993133545,30.3700008392334,8462000,28.9983177185059
2023-02-03,29.9200000762939,30.7000007629395,29.7049999237061,29.9799995422363,7591800,28.6259326934814
2023-02-06,29.6100006103516,30.1149997711182,29.3549995422363,29.8950004577637,4065000,28.5447692871094
2023-02-07,29.4249992370605,30.8299999237061,29.2150001525879,30.6200008392334,9629600,29.2370262145996
2023-02-08,30.3199996948242,30.6049995422363,29.8950004577637,30.0650005340576,4166400,28.707088470459
2023-02-09,30.6599998474121,30.8500003814697,29.125,29.4249992370605,4512800,28.0959968566895
2023-02-10,29.2900009155273,29.8999996185303,29.0949993133545,29.8299999237061,4685200,28.4827041625977
2023-02-13,29.8649997711182,30.8250007629395,29.8649997711182,30.8250007629395,3585200,29.4327659606934
2023-02-14,30.5300006866455,31.0750007629395,29.6949996948242,30.4099998474121,6852000,29.0365104675293
2023-02-15,29.9650001525879,30.5550003051758,29.7549991607666,30.5499992370605,3789000,29.1701850891113
2023-02-16,29.6749992370605,30.3150005340576,29.3600006103516,29.3999996185303,6165800,28.0721244812012
2023-02-17,29.0849990844727,29.7849998474121,28.9200000762939,29.7399997711182,6253400,28.3967704772949
2023-02-21,28.7950000762939,29.1149997711182,27.8400001525879,27.9150009155273,6494000,26.6541996002197
2023-02-22,28.0049991607666,28.1749992370605,27.4150009155273,27.7049999237061,8e+06,26.4536800384521
2023-02-23,28.0149993896484,28.2150001525879,27.0300006866455,27.9400005340576,8433800,26.6780681610107
2023-02-24,26.9750003814697,27.2999992370605,26.6149997711182,27.0550003051758,8622400,25.833044052124
2023-02-27,27.6700000762939,27.9899997711182,27.0550003051758,27.25,5888400,26.019229888916
2023-02-28,27.2150001525879,27.2150001525879,26.6299991607666,26.6399993896484,5973200,25.4367866516113
2023-03-01,26.5100002288818,26.9449996948242,26.3250007629395,26.7399997711182,6620800,25.5322666168213
2023-03-02,26.8449993133545,27.7350006103516,26.6949996948242,27.5499992370605,7018400,26.3056793212891
2023-03-03,27.8250007629395,28.5450000762939,27.5300006866455,28.4899997711182,6220400,27.2032299041748
2023-03-06,28.5849990844727,28.9650001525879,28.4750003814697,28.6049995422363,7264400,27.3130321502686
2023-03-07,28.5949993133545,28.6499996185303,27.0599994659424,27.1399993896484,11911800,25.9141979217529
2023-03-08,27.1299991607666,27.2450008392334,26.5300006866455,27.0149993896484,8302600,25.7948455810547
2023-03-09,27.2800006866455,27.4549999237061,25.4699993133545,25.6550006866455,8760800,24.4962730407715
2023-03-10,25.5,26.0550003051758,24.5249996185303,24.8500003814697,15585600,23.7276287078857
2023-03-13,24.1299991607666,25.625,24.1149997711182,24.6499996185303,12443400,23.5366630554199
2023-03-14,25.3899993896484,25.7399997711182,24.5799999237061,25.3999996185303,7518600,24.2527904510498
2023-03-15,24.1100006103516,24.7999992370605,23.6650009155273,24.7450008392334,12902000,23.6273746490479
2023-03-16,24.2800006866455,25.6599998474121,24,25.6000003814697,9766800,24.4437580108643
2023-03-17,25.1800003051758,25.2700004577637,24.3349990844727,24.6499996185303,10575200,23.5366630554199
2023-03-20,24.8349990844727,25.6299991607666,24.8349990844727,25.5349998474121,6409000,24.3816928863525
2023-03-21,26.2600002288818,26.3549995422363,25.7649993896484,26.3099994659424,4910800,25.1216888427734
2023-03-22,26.2099990844727,26.6700000762939,24.8549995422363,24.8799991607666,7344400,23.8464603424072
2023-03-23,25.1599998474121,26,24.4699993133545,25,7999600,23.9614734649658
2023-03-24,24.6949996948242,25.3899993896484,24.3299999237061,25.3500003814697,7311000,24.2969360351562
2023-03-27,25.8700008392334,26.1149997711182,25.5900001525879,25.8199996948242,4712200,24.7474117279053
2023-03-28,25.7399997711182,26.0750007629395,25.4599990844727,25.6900005340576,4627200,24.6228122711182
2023-03-29,26.3400001525879,26.4850006103516,26.0349998474121,26.4549999237061,5438000,25.356029510498
2023-03-30,26.875,26.8950004577637,26.3500003814697,26.7800006866455,4668000,25.6675338745117
2023-03-31,27.0349998474121,27.8250007629395,27.0249996185303,27.7749996185303,4469000,26.6211967468262
2023-04-03,28.0049991607666,28.6700000762939,28,28.5699996948242,4888200,27.3831768035889
2023-04-04,28.5750007629395,28.6749992370605,27.75,28.0799999237061,4033400,26.9135246276855
2023-04-05,28.0599994659424,28.4449996948242,28,28.2649993896484,5288000,27.0908432006836
2023-04-06,28.1100006103516,28.3799991607666,27.8700008392334,28.2649993896484,4544800,27.0908432006836
2023-04-10,28.0550003051758,28.5249996185303,27.8950004577637,28.5200004577637,3173000,27.3352470397949
2023-04-11,28.625,29.0100002288818,28.5400009155273,28.7700004577637,3209400,27.5748672485352
2023-04-12,29.1949996948242,29.2999992370605,28.5200004577637,28.6900005340576,6153600,27.4981861114502
2023-04-13,28.7700004577637,29.6700000762939,28.5249996185303,29.6100006103516,4804600,28.3799724578857
2023-04-14,29.4850006103516,29.7399997711182,28.8099994659424,29.2150001525879,7839200,28.0013771057129
2023-04-17,29.2649993896484,29.4750003814697,28.9799995422363,29.4750003814697,4050600,28.2505779266357
2023-04-18,29.4750003814697,29.5499992370605,28.9500007629395,29.4200000762939,4700400,28.1978645324707
2023-04-19,29.2700004577637,29.3799991607666,29.0100002288818,29.2049999237061,3308200,27.9917945861816
2023-04-20,28.7900009155273,29.1550006866455,28.6299991607666,28.9400005340576,4728400,27.7378044128418
2023-04-21,29.0799999237061,29.1200008392334,28.6700000762939,29.0049991607666,4010600,27.8001041412354
2023-04-24,28.9300003051758,29.1949996948242,28.7649993896484,29.1749992370605,2913000,27.9630393981934
2023-04-25,29.0100002288818,29.1299991607666,28.2250003814697,28.2849998474121,4270200,27.110013961792
2023-04-26,28.3099994659424,28.5349998474121,27.4950008392334,27.6650009155273,5595600,26.5157661437988
2023-04-27,27.9599990844727,29.0300006866455,27.8549995422363,28.9349994659424,4800800,27.7330074310303
2023-04-28,28.6900005340576,29.6499996185303,28.6650009155273,29.6299991607666,4727000,28.3991394042969
2023-05-01,29.6450004577637,30.0450000762939,29.4500007629395,29.4850006103516,3720400,28.2601623535156
2023-05-02,29.3500003814697,29.3700008392334,27.8850002288818,28.5400009155273,6593000,27.354419708252
2023-05-03,28.6100006103516,28.8850002288818,27.7950000762939,27.8449993133545,4492200,26.6882934570312
2023-05-04,27.6049995422363,27.6949996948242,26.6299991607666,27.1200008392334,8456800,25.993408203125
2023-05-05,27.8050003051758,28.625,27.75,28.4300003051758,3324800,27.2489929199219
2023-05-08,28.5249996185303,28.5849990844727,28.0049991607666,28.2849998474121,2311800,27.110013961792
2023-05-09,28.0849990844727,28.4050006866455,28.0200004577637,28.1700000762939,2019600,26.9997882843018
2023-05-10,28.5650005340576,28.6900005340576,27.3400001525879,28.0750007629395,7518000,26.9087390899658
2023-05-11,27.6200008392334,27.6599998474121,27.0550003051758,27.5,5517000,26.3576221466064
2023-05-12,27.7749996185303,27.7800006866455,27.0149993896484,27.4750003814697,5147200,26.3336601257324
2023-05-15,27.5349998474121,27.7250003814697,27.1350002288818,27.6149997711182,3665400,26.4678478240967
2023-05-16,27.3400001525879,27.4300003051758,26.7399997711182,26.7549991607666,5401200,25.6435699462891
2023-05-17,27.1749992370605,27.9099998474121,26.8799991607666,27.7800006866455,5634600,26.6259918212891
2023-05-18,27.5849990844727,28.2000007629395,27.2900009155273,28.1100006103516,5682200,26.9422836303711
2023-05-19,28.2549991607666,28.3799991607666,27.5799999237061,27.8150005340576,5068800,26.659538269043
2023-05-22,27.8050003051758,28.0450000762939,27.2700004577637,27.4850006103516,4317000,26.3432464599609
2023-05-23,27.2000007629395,27.5249996185303,26.7749996185303,26.9050006866455,5685800,25.7873401641846
2023-05-24,26.75,26.8099994659424,26.1399993896484,26.2700004577637,4739800,25.1787185668945
2023-05-25,26.2399997711182,26.3999996185303,25.7049999237061,26.1450004577637,6387400,25.0589084625244
2023-05-26,26.2600002288818,27.0799999237061,26.2000007629395,26.8950004577637,5583200,25.7777557373047
2023-05-30,26.875,27,26.4150009155273,26.7950000762939,7041200,25.6819095611572
2023-05-31,26.5349998474121,26.7150001525879,26.1149997711182,26.5650005340576,4951600,25.461462020874
2023-06-01,26.3950004577637,27.1200008392334,25.9950008392334,26.8700008392334,6938800,25.7537956237793
2023-06-02,27.4249992370605,28.7049999237061,27.3899993896484,28.5900001525879,8836800,27.40234375
2023-06-05,28.625,28.6900005340576,28.0550003051758,28.0949993133545,4689400,26.927906036377
2023-06-06,28.0450000762939,28.2450008392334,27.6749992370605,28.1100006103516,6884400,26.9422836303711
2023-06-07,28.1900005340576,28.4300003051758,28.0249996185303,28.3549995422363,5247000,27.1771049499512
2023-06-08,28.3150005340576,28.8449993133545,28.2000007629395,28.7099990844727,4249800,27.5173587799072
2023-06-09,28.6499996185303,29.0849990844727,28.5900001525879,28.8449993133545,5416600,27.6467514038086
2023-06-12,28.9500007629395,29.3349990844727,28.8150005340576,29.3050003051758,3128400,28.0876407623291
2023-06-13,29.4500007629395,29.9349994659424,29.4099998474121,29.6599998474121,5503400,28.4278945922852
2023-06-14,29.3400001525879,29.5149993896484,28.5550003051758,29.0799999237061,7351800,27.8719882965088
2023-06-15,29.0400009155273,30.3700008392334,28.9850006103516,30.1849994659424,6045200,28.9310836791992
2023-06-16,30.5149993896484,30.6049995422363,29.8250007629395,29.8899993896484,4192400,28.6483402252197
2023-06-20,29.4549999237061,29.5149993896484,28.8400001525879,29.2399997711182,5410600,28.0253410339355
2023-06-21,28.8799991607666,29.2199993133545,28.6450004577637,28.8500003814697,3719000,27.7497673034668
2023-06-22,28.6800003051758,28.9500007629395,28.5049991607666,28.7950000762939,3402800,27.6968631744385
2023-06-23,28.2199993133545,28.4850006103516,27.9950008392334,28.2250003814697,3979000,27.1486053466797
2023-06-26,28.1299991607666,28.4500007629395,27.9150009155273,28.2099990844727,4059200,27.1341743469238
2023-06-27,28.1949996948242,28.8250007629395,28.1949996948242,28.6949996948242,4656800,27.6006736755371
2023-06-28,28.5949993133545,28.6399993896484,28.2600002288818,28.5750007629395,4821000,27.4852561950684
2023-06-29,28.4799995422363,29.2299995422363,28.4050006866455,29.1650009155273,5505200,28.0527572631836
2023-06-30,29.6900005340576,30.0249996185303,29.5599994659424,29.8349990844727,3800400,28.6972026824951
2023-07-03,29.6049995422363,30.0049991607666,29.5499992370605,29.8649997711182,1857000,28.7260608673096
2023-07-05,29.4500007629395,29.7900009155273,29.4099998474121,29.5550003051758,2987200,28.4278831481934
2023-07-06,28.8449993133545,29.0149993896484,28.2000007629395,28.5949993133545,5188000,27.5044937133789
2023-07-07,28.2649993896484,28.875,28.0650005340576,28.1350002288818,4755600,27.0620346069336
2023-07-10,28.0949993133545,28.6749992370605,28.0599994659424,28.6450004577637,4449000,27.552583694458
2023-07-11,28.9449996948242,29.4899997711182,28.7399997711182,29.4050006866455,4375200,28.2836036682129
2023-07-12,30,30.2450008392334,29.5349998474121,29.6650009155273,5921800,28.5336875915527
2023-07-13,29.8099994659424,29.9599990844727,29.6499996185303,29.7150001525879,4056800,28.5817775726318
2023-07-14,30.1700000762939,30.2199993133545,29.8549995422363,30.0149993896484,5644200,28.87034034729
2023-07-17,29.8600006103516,30.4050006866455,29.7600002288818,30.1700000762939,3063000,29.0194244384766
2023-07-18,30.1350002288818,31.2450008392334,30.0200004577637,31.1450004577637,5930400,29.9572448730469
2023-07-19,31.3549995422363,31.9099998474121,31.3549995422363,31.4400005340576,5214200,30.2409934997559
2023-07-20,31.6149997711182,32.2700004577637,31.5949993133545,31.8700008392334,6375000,30.6545963287354
2023-07-21,32.0400009155273,32.1800003051758,31.7450008392334,31.8649997711182,4554400,30.6497859954834
2023-07-24,31.9950008392334,32.5099983215332,31.9599990844727,32.3650016784668,3957000,31.1307220458984
2023-07-25,32.2799987792969,32.6650009155273,32.2299995422363,32.4249992370605,3219400,31.1884307861328
2023-07-26,32.0750007629395,32.9599990844727,32.0750007629395,32.6549987792969,4878200,31.4096641540527
2023-07-27,32.8199996948242,32.9449996948242,31.7600002288818,31.9699993133545,7110200,30.7507801055908
2023-07-28,32.4049987792969,32.7050018310547,32.125,32.4000015258789,5357200,31.1643829345703
2023-07-31,32.4249992370605,32.7050018310547,32.3199996948242,32.7000007629395,3748000,31.4529438018799
2023-08-01,32.5999984741211,33,32.564998626709,32.8450012207031,4567400,31.592414855957
2023-08-02,32.3650016784668,32.5699996948242,31.7199993133545,31.8850002288818,6079600,30.6690235137939
2023-08-03,31.5450000762939,32.0349998474121,31.4150009155273,31.6450004577637,4994600,30.4381771087646
2023-08-04,31.9449996948242,32.4449996948242,31.1599998474121,31.2749996185303,7154600,30.0822868347168
2023-08-07,31.6299991607666,32.4000015258789,31.6000003814697,32.3250007629395,4495000,31.0922431945801
2023-08-08,31.7199993133545,31.9750003814697,31.0400009155273,31.8799991607666,6366600,30.6642112731934
2023-08-09,31.8449993133545,32.0449981689453,31.2049999237061,31.3999996185303,5805800,30.2025165557861
2023-08-10,31.8799991607666,32.6049995422363,31.3449993133545,31.5550003051758,8573200,30.3516063690186
2023-08-11,31.3349990844727,32.0050010681152,31.1749992370605,31.8299999237061,6538400,30.6161193847656
2023-08-14,31.7250003814697,31.9400005340576,31.4699993133545,31.8549995422363,4245000,30.6401672363281
2023-08-15,31.4349994659424,31.5249996185303,30.7600002288818,30.8950004577637,6661800,29.7167797088623
2023-08-16,30.7800006866455,31.3649997711182,30.3600006103516,30.3799991607666,6448400,29.2214164733887
2023-08-17,30.6000003814697,30.7450008392334,29.5650005340576,29.6299991607666,6603200,28.5000190734863
2023-08-18,29.2250003814697,29.9750003814697,29.1350002288818,29.7800006866455,6598400,28.6443004608154
2023-08-21,29.8250007629395,29.9200000762939,29.0799999237061,29.6499996185303,5546600,28.5192604064941
2023-08-22,29.6499996185303,29.7549991607666,29.0849990844727,29.2000007629395,6580200,28.0864200592041
2023-08-23,29.3150005340576,29.7950000762939,29.2450008392334,29.6399993896484,6918400,28.5096397399902
2023-08-24,29.4699993133545,30.1749992370605,28.6299991607666,28.6350002288818,6776800,27.5429668426514
2023-08-25,28.9950008392334,29.5200004577637,28.4599990844727,29.2549991607666,9760400,28.1393165588379
2023-08-28,29.6749992370605,30.0499992370605,29.5,29.8099994659424,5049400,28.673152923584
2023-08-29,29.7549991607666,30.5799999237061,29.7199993133545,30.5450000762939,5104800,29.3801231384277
2023-08-30,30.6849994659424,31.0949993133545,30.5149993896484,30.7549991607666,4144400,29.5821151733398
2023-08-31,31.0900001525879,31.2000007629395,30.2649993896484,30.2800006866455,4482200,29.1252346038818
2023-09-01,30.8050003051758,30.9400005340576,30.2600002288818,30.5900001525879,4307200,29.4234104156494
2023-09-05,30.5849990844727,30.6399993896484,30.0200004577637,30.0400009155273,3172000,28.8943862915039
2023-09-06,29.8999996185303,29.8999996185303,29.1149997711182,29.5049991607666,4164000,28.379789352417
2023-09-07,29.3400001525879,29.7999992370605,29.3150005340576,29.6499996185303,3731400,28.5192604064941
2023-09-08,29.6700000762939,29.9950008392334,29.5949993133545,29.8549995422363,4119200,28.7164421081543
2023-09-11,30.2399997711182,30.3899993896484,29.8500003814697,30.0949993133545,3089000,28.9472885131836
2023-09-12,29.8700008392334,30.5650005340576,29.7999992370605,30.0100002288818,3443800,28.8655300140381
2023-09-13,30.0900001525879,30.3500003814697,29.6450004577637,29.8349990844727,2768600,28.6972026824951
2023-09-14,30.3600006103516,30.8600006103516,30.1049995422363,30.6849994659424,3447000,29.5147857666016
2023-09-15,30.4599990844727,30.625,29.7749996185303,29.8899993896484,4138000,28.7501087188721
2023-09-18,29.9300003051758,30.1599998474121,29.6800003051758,29.9099998474121,2888400,28.7693424224854
2023-09-19,29.7150001525879,29.8050003051758,29.0750007629395,29.6299991607666,3768200,28.5000190734863
2023-09-20,29.7900009155273,30.1849994659424,29.3050003051758,29.3400001525879,3977400,28.2950897216797
2023-09-21,29.0049991607666,29.125,28.3199996948242,28.3400001525879,4318600,27.3307037353516
2023-09-22,28.3600006103516,28.5499992370605,28.0249996185303,28.0799999237061,5112000,27.0799617767334
2023-09-25,27.8449993133545,28.1949996948242,27.6100006103516,28.1900005340576,3094000,27.1860427856445
2023-09-26,27.6499996185303,27.8500003814697,27.0650005340576,27.1900005340576,4891600,26.2216548919678
2023-09-27,27.375,27.4400005340576,26.4200000762939,27.0300006866455,6761200,26.0673580169678
2023-09-28,26.9699993133545,27.5349998474121,26.7900009155273,27.2700004577637,5634800,26.298807144165
2023-09-29,27.7849998474121,27.8099994659424,26.6149997711182,26.8899993896484,7719800,25.9323425292969
2023-10-02,26.6949996948242,26.8700008392334,26.1700000762939,26.6700000762939,6387800,25.7201805114746
2023-10-03,26.3400001525879,26.5900001525879,25.4349994659424,25.6550006866455,8768000,24.7413272857666
2023-10-04,25.6849994659424,25.9850006103516,25.3250007629395,25.8950004577637,5598600,24.9727764129639
2023-10-05,25.8099994659424,26.0249996185303,25.4699993133545,25.8999996185303,4362400,24.9775981903076
2023-10-06,25.6849994659424,26.9200000762939,25.25,26.5550003051758,8228600,25.6092720031738
2023-10-09,26.2900009155273,27.1100006103516,26.2000007629395,27.0349998474121,6848600,26.0721797943115
2023-10-10,27.3099994659424,27.7299995422363,27.0149993896484,27.3500003814697,5287400,26.3759593963623
2023-10-11,27.5249996185303,27.6749992370605,27.0300006866455,27.4850006103516,4349600,26.5061531066895
2023-10-12,27.625,27.6350002288818,26.6149997711182,27.0499992370605,5419600,26.0866413116455
2023-10-13,27.3050003051758,27.8250007629395,26.8349990844727,27.1450004577637,6452400,26.1782608032227
2023-10-16,27.6100006103516,28.125,27.5249996185303,27.875,4702200,26.8822612762451
2023-10-17,27.4899997711182,28.2700004577637,27.4899997711182,27.9050006866455,5078200,26.9111957550049
2023-10-18,27.8050003051758,27.8799991607666,26.9050006866455,27.0900001525879,7331000,26.12522315979
2023-10-19,27.0650005340576,27.5049991607666,26.3349990844727,26.4150009155273,10842800,25.4742641448975
2023-10-20,26.2849998474121,26.4799995422363,25.7600002288818,25.7749996185303,6511600,24.8570499420166
2023-10-23,25.4549999237061,26.0200004577637,25.2150001525879,25.3199996948242,5146000,24.4182567596436
2023-10-24,25.6949996948242,26.0849990844727,25.4349994659424,25.7999992370605,3780800,24.8811626434326
2023-10-25,25.9850006103516,26.0750007629395,25.4150009155273,25.5550003051758,4778000,24.6448822021484
2023-10-26,25.4750003814697,25.6599998474121,24.8150005340576,24.9249992370605,8115200,24.0373249053955
2023-10-27,24.9200000762939,24.9249992370605,23.8600006103516,24.0750007629395,7412000,23.2175998687744
2023-10-30,24.5650005340576,25.3649997711182,24.5550003051758,25.2099990844727,6336800,24.3121700286865
2023-10-31,25.1499996185303,25.5149993896484,24.8649997711182,25.4599990844727,5497600,24.5532665252686
2023-11-01,25.5599994659424,26.1200008392334,25.3700008392334,25.9799995422363,6617400,25.0547485351562
2023-11-02,26.4349994659424,27.3050003051758,26.3500003814697,27.2900009155273,6719600,26.3180923461914
2023-11-03,27.6599998474121,28.0400009155273,27.5100002288818,27.7900009155273,4818200,26.80029296875
2023-11-06,27.8549995422363,28.0450000762939,27.6149997711182,27.8799991607666,4302800,26.8870830535889
2023-11-07,27.8099994659424,28.1350002288818,27.7049999237061,28.0049991607666,3712200,27.0076313018799
2023-11-08,28.1299991607666,28.2549991607666,27.6149997711182,27.8899993896484,3443000,26.896728515625
2023-11-09,28.0900001525879,28.0900001525879,27.2900009155273,27.3700008392334,5266800,26.3952465057373
2023-11-10,27.7700004577637,28.3799991607666,27.4050006866455,28.3050003051758,4316400,27.2969512939453
2023-11-13,28.1499996185303,28.6149997711182,28.1100006103516,28.4249992370605,3538200,27.4126739501953
2023-11-14,29.3799991607666,29.9099998474121,29.2049999237061,29.6350002288818,4800200,28.5795822143555
2023-11-15,29.8250007629395,30.2250003814697,29.7649993896484,30.0849990844727,3422400,29.0135555267334
2023-11-16,29.8899993896484,30.2049999237061,29.6700000762939,30,4779400,28.9315814971924
2023-11-17,30.1149997711182,30.2199993133545,29.8400001525879,30.0200004577637,2794400,28.950870513916
2023-11-20,29.9249992370605,30.7299995422363,29.9200000762939,30.5499992370605,3078200,29.4619922637939
2023-11-21,30.4249992370605,30.4449996948242,30.2250003814697,30.3649997711182,2645800,29.2835788726807
2023-11-22,30.5949993133545,30.9099998474121,30.4950008392334,30.7999992370605,3870800,29.7030925750732
2023-11-24,30.8999996185303,31.1149997711182,30.8799991607666,31.0799999237061,1601400,29.9731197357178
2023-11-27,31.0100002288818,31.1550006866455,30.7999992370605,30.9449996948242,3229200,29.8429279327393
2023-11-28,30.9699993133545,31.4050006866455,30.8649997711182,31.1399993896484,4067400,30.0309810638428
2023-11-29,31.3500003814697,31.6550006866455,31.1949996948242,31.2549991607666,4587000,30.1418857574463
2023-11-30,31.7749996185303,32.6949996948242,31.7099990844727,32.6199989318848,7214600,31.4582748413086
2023-12-01,32.6349983215332,33.5250015258789,32.5999984741211,33.4449996948242,7873800,32.2538986206055
2023-12-04,32.9199981689453,33.435001373291,32.9000015258789,33.3400001525879,5050200,32.1526336669922
2023-12-05,33.1049995422363,33.2249984741211,32.7949981689453,33.1500015258789,5304600,31.9693984985352
2023-12-06,33.3549995422363,33.5800018310547,32.8199996948242,32.9000015258789,5854400,31.7283020019531
2023-12-07,33.0849990844727,33.2050018310547,32.814998626709,33.0550003051758,4734200,31.8777828216553
2023-12-08,33.0250015258789,33.5550003051758,32.9249992370605,33.3849983215332,6756600,32.1960296630859
2023-12-11,33.4949989318848,33.8699989318848,33.3450012207031,33.8199996948242,5129600,32.615535736084
2023-12-12,34.0099983215332,34.3650016784668,33.7350006103516,34.2900009155273,4512200,33.0687942504883
2023-12-13,34.3250007629395,35.75,34.1650009155273,35.7249984741211,7519800,34.4526901245117
2023-12-14,36.0250015258789,36.2999992370605,35.6049995422363,36.1949996948242,9162800,34.9059524536133
2023-12-15,35.9650001525879,36.4500007629395,35.8499984741211,36.2000007629395,9143000,34.9107818603516
2023-12-18,36.4099998474121,36.5750007629395,36.2550010681152,36.3050003051758,5645000,35.012035369873
2023-12-19,36.3800010681152,37.0550003051758,36.3400001525879,37.0200004577637,4349200,35.7015762329102
2023-12-20,36.7000007629395,37.2000007629395,35.5200004577637,35.5550003051758,5584600,34.356029510498
2023-12-21,36.0950012207031,36.4700012207031,35.6199989318848,36.4249992370605,5666400,35.1966972351074
2023-12-22,36.3199996948242,36.8050003051758,36.0099983215332,36.4049987792969,5987600,35.1773643493652
2023-12-26,36.314998626709,37.0250015258789,36.2849998474121,36.8050003051758,3221800,35.5638771057129
2023-12-27,36.7150001525879,37.2099990844727,36.6150016784668,37.1399993896484,6184600,35.8875846862793
2023-12-28,37.0449981689453,37.4249992370605,37.0449981689453,37.25,4619000,35.9938735961914
2023-12-29,37.2050018310547,37.3450012207031,36.6949996948242,37.1800003051758,7045800,35.9262351989746
2024-01-02,36.5550003051758,37.4249992370605,36.5499992370605,37.2200012207031,6214800,35.9648895263672
2024-01-03,36.7900009155273,36.9099998474121,36.2599983215332,36.3549995422363,8670400,35.1290512084961
2024-01-04,36.5050010681152,37.189998626709,36.3699989318848,36.4249992370605,7249600,35.1966972351074
2024-01-05,36.3650016784668,36.8950004577637,36.0149993896484,36.4249992370605,7699000,35.1966972351074
2024-01-08,36.0349998474121,37.0900001525879,35.7700004577637,37.0499992370605,7389800,35.8006134033203
2024-01-09,36.4500007629395,36.6699981689453,36.1300010681152,36.560001373291,5036000,35.3271408081055
2024-01-10,36.6500015258789,37.2099990844727,36.5750007629395,37.0400009155273,3984000,35.7909622192383
2024-01-11,37.2350006103516,37.3450012207031,36.2099990844727,37.0750007629395,7421400,35.8247718811035
2024-01-12,37.1800003051758,37.3699989318848,36.3400001525879,36.685001373291,5569800,35.447925567627
2024-01-16,36.3800010681152,36.5499992370605,35.5400009155273,35.9900016784668,7996200,34.7763710021973
2024-01-17,35.4449996948242,36.0250015258789,35.3300018310547,35.7099990844727,5520200,34.5058059692383
2024-01-18,35.5699996948242,36.435001373291,35.2949981689453,36.2700004577637,8719600,35.0469245910645
2024-01-19,36.625,37.6650009155273,36.2400016784668,37.4049987792969,9669200,36.1436462402344
2024-01-22,37.75,38.1599998474121,37.5750007629395,37.8549995422363,5807800,36.5784759521484
2024-01-23,37.6549987792969,37.7750015258789,37.2200012207031,37.5499992370605,4684800,36.2837600708008
2024-01-24,37.8800010681152,37.9949989318848,37.2050018310547,37.2350006103516,7652200,35.9793853759766
2024-01-25,37.4799995422363,37.9300003051758,37.1450004577637,37.9150009155273,7622800,36.6364479064941
2024-01-26,37.7299995422363,38.3849983215332,37.7299995422363,38.0750007629395,6946400,36.7910537719727
2024-01-29,38.0400009155273,38.7550010681152,37.8950004577637,38.7200012207031,4360800,37.4143028259277
2024-01-30,38.560001373291,39.2099990844727,38.4749984741211,39.0999984741211,4645200,37.7814903259277
2024-01-31,39.2799987792969,39.4599990844727,38.1049995422363,38.1150016784668,8705800,36.8297004699707
2024-02-01,38.0849990844727,39.1949996948242,37.9500007629395,39.189998626709,8128000,37.8684577941895
2024-02-02,38.8300018310547,39.9850006103516,38.6100006103516,39.5800018310547,11368000,38.245304107666
2024-02-05,39.4199981689453,39.4249992370605,38.2350006103516,38.6949996948242,9103800,37.3901481628418
2024-02-06,38.7799987792969,39.2150001525879,38.6450004577637,39.125,5476200,37.8056488037109
2024-02-07,39.4650001525879,39.8349990844727,39.2900009155273,39.6300010681152,5482200,38.2936172485352
2024-02-08,39.814998626709,39.8650016784668,39.1949996948242,39.7849998474121,5026400,38.4433860778809
2024-02-09,39.7000007629395,39.7949981689453,39.2599983215332,39.5849990844727,6614800,38.2501335144043
2024-02-12,39.4749984741211,40.3650016784668,39.4650001525879,39.9599990844727,4589800,38.6124877929688
2024-02-13,39.0149993896484,39.0449981689453,37.5900001525879,38.314998626709,10577000,37.0229568481445
2024-02-14,38.6549987792969,38.814998626709,38.0800018310547,38.7299995422363,6373400,37.4239692687988
2024-02-15,38.9650001525879,39.9099998474121,38.8650016784668,39.875,8140600,38.5303535461426
2024-02-16,39.7299995422363,40.064998626709,39.2799987792969,39.4150009155273,6258400,38.0858612060547
2024-02-20,39.2099990844727,39.5299987792969,38.9099998474121,39.2799987792969,7695400,37.9554176330566
2024-02-21,39.0299987792969,39.3950004577637,38.5299987792969,39.3549995422363,5194400,38.027889251709
2024-02-22,40,40.9749984741211,39.8849983215332,40.6800003051758,9021600,39.3082122802734
2024-02-23,41.060001373291,41.3899993896484,40.7849998474121,40.9099998474121,5027000,39.5304489135742
2024-02-26,40.9150009155273,41.2400016784668,40.560001373291,40.7000007629395,5304000,39.3275375366211
2024-02-27,40.5900001525879,40.6049995422363,40.0849990844727,40.3650016784668,5251400,39.0038375854492
2024-02-28,39.8250007629395,40.3699989318848,39.7099990844727,40.3400001525879,5013400,38.979679107666
2024-02-29,40.6300010681152,40.7550010681152,39.9300003051758,40.3650016784668,6759400,39.0038375854492
2024-03-01,40.3499984741211,40.9000015258789,40.0449981689453,40.7900009155273,6459200,39.4144973754883
2024-03-04,40.1800003051758,40.7700004577637,40.1800003051758,40.4449996948242,4340800,39.0811386108398
2024-03-05,40.0550003051758,40.1450004577637,38.7949981689453,39.189998626709,7066600,37.8684577941895
2024-03-06,39.8699989318848,40.060001373291,39.1549987792969,39.4700012207031,5839400,38.1390190124512
2024-03-07,39.9900016784668,40.2050018310547,39.625,39.7999992370605,5990600,38.457878112793
2024-03-08,39.7200012207031,40.4049987792969,39.5750007629395,39.6650009155273,8181800,38.3274307250977
2024-03-11,39.310001373291,39.8450012207031,38.8800010681152,39.7849998474121,5986200,38.4433860778809
2024-03-12,40.0299987792969,40.7000007629395,39.5800018310547,40.4799995422363,6951200,39.1149520874023
2024-03-13,40.7599983215332,41.0999984741211,40.25,40.625,3641600,39.2550659179688
2024-03-14,40.8650016784668,40.935001373291,39.5149993896484,40.2000007629395,7956600,38.8443984985352
2024-03-15,39.7599983215332,40.2200012207031,39.2400016784668,39.5449981689453,7425200,38.2114791870117
2024-03-18,39.9199981689453,40.0849990844727,39.6599998474121,39.7400016784668,5648600,38.3999099731445
2024-03-19,39.8600006103516,40.7550010681152,39.6450004577637,40.7099990844727,5650200,39.3372039794922
2024-03-20,40.3800010681152,41.9599990844727,40.3050003051758,41.8650016784668,5845600,40.5184440612793
2024-03-21,42.2649993896484,43.060001373291,42.1150016784668,42.689998626709,5020600,41.3169021606445
2024-03-22,42.7099990844727,42.814998626709,41.6650009155273,41.6800003051758,4565400,40.3393898010254
2024-03-25,41.4799995422363,41.5449981689453,41.125,41.1500015258789,3351800,39.8264389038086
2024-03-26,41.3800010681152,41.5550003051758,41.0449981689453,41.1300010681152,2864400,39.8070831298828
2024-03-27,41.7299995422363,42.5349998474121,41.564998626709,42.5149993896484,5643600,41.1475372314453
2024-03-28,42.6699981689453,42.8450012207031,42.3600006103516,42.5900001525879,3739400,41.2201194763184
2024-04-01,42.5900001525879,42.6599998474121,41.5950012207031,41.7750015258789,4998200,40.4313354492188
2024-04-02,40.7099990844727,40.7550010681152,40.185001373291,40.5849990844727,4752400,39.2796096801758
2024-04-03,40.5800018310547,40.9850006103516,40.0750007629395,40.4700012207031,4732000,39.1683120727539
2024-04-04,41.2649993896484,41.3499984741211,38.6699981689453,38.7949981689453,8710400,37.5471878051758
2024-04-05,38.8650016784668,40.125,38.810001373291,39.6450004577637,6387600,38.3698463439941
2024-04-08,39.685001373291,40.0200004577637,39.5400009155273,39.689998626709,3557800,38.4133987426758
2024-04-09,39.875,39.9599990844727,38.6599998474121,39.6150016784668,6031000,38.3408164978027
2024-04-10,38.3899993896484,38.7150001525879,37.8199996948242,38.2949981689453,10217400,37.0632629394531
2024-04-11,38.5050010681152,38.689998626709,37.4850006103516,38.2449989318848,7300000,37.0148735046387
2024-04-12,37.5800018310547,37.75,36.5099983215332,36.8349990844727,7894000,35.6502227783203
2024-04-15,37.8400001525879,37.9700012207031,35.8699989318848,36.0950012207031,10005800,34.934024810791
2024-04-16,36.7599983215332,36.814998626709,35.9850006103516,36.2550010681152,7532600,35.0888862609863
2024-04-17,36.5950012207031,36.875,35.7150001525879,36.0800018310547,8987000,34.9195098876953
2024-04-18,36.5099983215332,37.0499992370605,35.8800010681152,36.1500015258789,8823400,34.9872665405273
2024-04-19,36.435001373291,37.1300010681152,36.2400016784668,36.7649993896484,9633000,35.5824737548828
2024-04-22,37.3050003051758,38.1100006103516,36.7599983215332,37.5200004577637,5565600,36.3131980895996
2024-04-23,37.8800010681152,38.435001373291,37.6599998474121,38.2949981689453,4226800,37.0632629394531
2024-04-24,38.2099990844727,38.3950004577637,37.6650009155273,38.0900001525879,4616200,36.8648643493652
2024-04-25,36.6650009155273,37.185001373291,35.9850006103516,37.0149993896484,8020800,35.8244361877441
2024-04-26,36.9300003051758,37.6949996948242,36.8650016784668,37.4049987792969,4346600,36.2018928527832
2024-04-29,37.5999984741211,37.8849983215332,37.310001373291,37.8199996948242,3588800,36.6035423278809
2024-04-30,37.4099998474121,37.4949989318848,36.1199989318848,36.1349983215332,5653600,34.9727401733398
2024-05-01,36.1549987792969,37.6399993896484,36.0750007629395,36.3199996948242,6006200,35.1517944335938
2024-05-02,36.9449996948242,37.4500007629395,36.2949981689453,37.2550010681152,5022000,36.0567207336426
2024-05-03,38.7000007629395,38.9249992370605,38.0750007629395,38.564998626709,6095200,37.3245811462402
2024-05-06,39.0299987792969,39.1500015258789,38.5849990844727,39.0800018310547,3832600,37.8230247497559
2024-05-07,39.2700004577637,39.4449996948242,39.0149993896484,39.1199989318848,3102800,37.8617286682129
2024-05-08,38.9949989318848,39.7799987792969,38.9599990844727,39.625,2791200,38.3504905700684
2024-05-09,39.4949989318848,40.75,39.4799995422363,40.685001373291,3921000,39.376407623291
2024-05-10,41.060001373291,41.2550010681152,40.7050018310547,41.0299987792969,4929600,39.7102966308594
2024-05-13,41.3899993896484,41.4599990844727,40.6749992370605,40.810001373291,3023000,39.4973793029785
2024-05-14,40.8400001525879,41.3349990844727,40.5849990844727,41.1300010681152,3222200,39.8070831298828
2024-05-15,41.625,42.3400001525879,41.5499992370605,42.2750015258789,3393200,40.9152526855469
2024-05-16,42.3800010681152,42.7750015258789,42.185001373291,42.2050018310547,3966200,40.8475112915039
2024-05-17,42.3549995422363,42.6349983215332,42.1349983215332,42.6349983215332,2775800,41.2636756896973
2024-05-20,42.5550003051758,42.8549995422363,41.939998626709,42.0349998474121,3410800,40.6829795837402
2024-05-21,42.060001373291,42.2999992370605,41.8899993896484,42.2099990844727,1841000,40.8523406982422
2024-05-22,41.935001373291,42.2150001525879,41.1599998474121,41.560001373291,2362200,40.2232551574707
2024-05-23,41.5800018310547,41.5999984741211,39.4550018310547,39.6150016784668,7024800,38.3408164978027
2024-05-24,39.7400016784668,40.0449981689453,39.4150009155273,39.5699996948242,4164400,38.2972526550293
2024-05-28,39.2999992370605,39.4249992370605,38.4500007629395,38.935001373291,5451800,37.6826858520508
2024-05-29,37.9500007629395,38.0499992370605,37.6049995422363,37.7249984741211,6487400,36.5116004943848
2024-05-30,36.75,37.0499992370605,36.4700012207031,36.7550010681152,8068200,35.5728034973145
2024-05-31,36.8950004577637,38.5099983215332,36.685001373291,38.4949989318848,10500400,37.2568321228027
2024-06-03,38.5750007629395,38.5950012207031,37.1100006103516,38.1150016784668,8179200,36.8890495300293
2024-06-04,37.7150001525879,38.7099990844727,37.5750007629395,38.4449996948242,6199200,37.208438873291
2024-06-05,38.7750015258789,38.875,37.9799995422363,38.7299995422363,6166000,37.4842796325684
2024-06-06,38.8199996948242,39.3549995422363,38.5149993896484,38.9700012207031,7109200,37.7165641784668
2024-06-07,38.7900009155273,39.6199989318848,38.4900016784668,38.6749992370605,6667600,37.4310493469238
2024-06-10,38.5299987792969,38.9249992370605,38.2900009155273,38.9199981689453,4053800,37.6681632995605
2024-06-11,38.4099998474121,38.5699996948242,37.5849990844727,38.5099983215332,5720600,37.2713470458984
2024-06-12,39.6150016784668,39.6599998474121,38.1199989318848,38.3950004577637,10576000,37.1600494384766
2024-06-13,38.1399993896484,38.3849983215332,37.4700012207031,38.1450004577637,6024400,36.9180946350098
2024-06-14,37.4449996948242,38.0149993896484,37.1500015258789,37.9949989318848,6193200,36.7729072570801
2024-06-17,37.6150016784668,38.7799987792969,37.5400009155273,38.6049995422363,5096600,37.3632965087891
2024-06-18,38.6699981689453,39.060001373291,38.4000015258789,38.7400016784668,3839800,37.493953704834
2024-06-20,38.5849990844727,39.9150009155273,38.5050010681152,39.5950012207031,6210600,38.3214569091797
2024-06-21,39.7099990844727,39.9500007629395,39.3300018310547,39.6049995422363,5133200,38.331127166748
2024-06-24,39.939998626709,40.8899993896484,39.7700004577637,40.4000015258789,5947200,39.1005706787109
2024-06-25,40.2550010681152,40.439998626709,39.1100006103516,39.4850006103516,6534800,38.2149925231934
2024-06-26,39.0250015258789,39.5200004577637,38.7000007629395,39.3600006103516,3879000,38.24462890625
2024-06-27,39.1699981689453,39.7050018310547,39.0299987792969,39.4500007629395,4413800,38.3320732116699
2024-06-28,39.3499984741211,40.2449989318848,38.689998626709,39.2999992370605,9028400,38.1863212585449
2024-07-01,39.5449981689453,40.2150001525879,39.0050010681152,39.3699989318848,7265600,38.2543487548828
2024-07-02,39.1500015258789,39.9000015258789,39.1049995422363,39.8800010681152,4794000,38.7498970031738
2024-07-03,40.0200004577637,40.1150016784668,39.5349998474121,39.7599983215332,3675200,38.6332893371582
2024-07-05,39.810001373291,40.0499992370605,39.3450012207031,39.9550018310547,6263600,38.8227691650391
2024-07-08,40.1650009155273,40.8650016784668,39.6749992370605,39.8899993896484,6994400,38.7596054077148
2024-07-09,39.7949981689453,40.3400001525879,39.2599983215332,39.7200012207031,6679400,38.5944213867188
2024-07-10,39.6949996948242,41.060001373291,39.6049995422363,40.9799995422363,9307600,39.8187217712402
2024-07-11,41.0550003051758,41.4900016784668,40.689998626709,41.0849990844727,9750000,39.9207420349121
2024-07-12,41.4500007629395,42.6300010681152,41.2150001525879,41.875,11574400,40.688362121582
2024-07-15,42.560001373291,42.9099998474121,42.2249984741211,42.5349998474121,9687000,41.3296585083008
2024-07-16,42.9850006103516,44.9300003051758,42.9799995422363,44.8250007629395,12403800,43.554759979248
2024-07-17,44.439998626709,45.689998626709,44.4300003051758,45.5499992370605,11267400,44.259220123291
2024-07-18,45.125,46.1800003051758,43.5800018310547,43.814998626709,10931600,42.5733871459961
2024-07-19,43.3549995422363,43.6049995422363,42.2900009155273,42.5849990844727,10123000,41.378246307373
2024-07-22,42.9249992370605,43.1549987792969,42.3650016784668,42.9749984741211,8786400,41.7571830749512
2024-07-23,42.9949989318848,43.3250007629395,42.6500015258789,42.7599983215332,8165600,41.5482749938965
2024-07-24,42.1749992370605,42.4550018310547,41.0200004577637,41.1749992370605,9973600,40.0081977844238
2024-07-25,41.1749992370605,42.9599990844727,41.0900001525879,41.4449996948242,10906800,40.2705421447754
2024-07-26,42.125,43.9199981689453,42.0900001525879,43.4150009155273,9684800,42.1847152709961
2024-07-29,43.685001373291,43.7299995422363,42.7249984741211,43.2350006103516,8438000,42.009822845459
2024-07-30,43.3400001525879,44.25,43.1699981689453,43.814998626709,9710400,42.5733871459961
2024-07-31,43.8250007629395,45.310001373291,43.5299987792969,44.1599998474121,10514400,42.9086074829102
2024-08-01,44.5550003051758,44.9500007629395,41.7200012207031,42.4900016784668,11956600,41.2859382629395
2024-08-02,41.3600006103516,41.5,39.3600006103516,40.5,17039000,39.3523254394531
2024-08-05,37.2150001525879,38.375,36.7400016784668,37.3600006103516,18591000,36.3013114929199
2024-08-06,37.4900016784668,39.5400009155273,37.1399993896484,38.2200012207031,13204600,37.1369400024414
2024-08-07,38.9850006103516,39.6150016784668,37.4150009155273,37.560001373291,8237200,36.4956359863281
2024-08-08,38.060001373291,39.689998626709,37.9700012207031,39.5099983215332,4698400,38.3903770446777
2024-08-09,39.3899993896484,40.0499992370605,38.8250007629395,39.6599998474121,4400400,38.5361289978027
2024-08-12,39.8699989318848,39.8950004577637,38.8699989318848,39.2200012207031,3415200,38.1085968017578
2024-08-13,39.5849990844727,40.5099983215332,39.2849998474121,40.3899993896484,4135200,39.2454414367676
2024-08-14,40.3849983215332,41.3400001525879,40.310001373291,41.0950012207031,4783800,39.9304656982422
2024-08-15,42.5149993896484,42.9500007629395,42.0299987792969,42.8800010681152,3182600,41.6648788452148
2024-08-16,42.6599998474121,43.4000015258789,42.5250015258789,43.2000007629395,3320000,41.9758110046387
2024-08-19,43.3800010681152,44,43.3400001525879,43.9449996948242,3011000,42.6996994018555
2024-08-20,43.7649993896484,43.9949989318848,43.4850006103516,43.7400016784668,3137000,42.5005073547363
2024-08-21,43.9650001525879,44.189998626709,43.4199981689453,43.8650016784668,2992600,42.6219673156738
2024-08-22,44.0800018310547,44.3349990844727,42.9000015258789,43.3650016784668,3016600,42.1361389160156
2024-08-23,43.9049987792969,44.8699989318848,43.6699981689453,44.7150001525879,4092600,43.447883605957
2024-08-26,44.9500007629395,45.564998626709,44.6300010681152,44.9900016784668,3467200,43.715087890625
2024-08-27,44.8349990844727,45.0750007629395,44.5400009155273,45.0250015258789,2696600,43.749095916748
2024-08-28,44.9300003051758,45.3499984741211,43.6450004577637,44.5149993896484,3702200,43.2535514831543
2024-08-29,45.4749984741211,46.0849990844727,44.4700012207031,45.3250007629395,5624200,44.040599822998
2024-08-30,45.4700012207031,46.1199989318848,44.6699981689453,46.0050010681152,4033200,44.7013244628906
2024-09-03,45.3250007629395,45.6450004577637,43.4650001525879,44.0149993896484,5005000,42.7677154541016
2024-09-04,43.9199981689453,44.7449989318848,43.6650009155273,44.0250015258789,4709200,42.7774353027344
2024-09-05,44.3300018310547,44.4500007629395,42.5999984741211,43.4000015258789,4946800,42.1701431274414
2024-09-06,43.5250015258789,44.1699981689453,41.8600006103516,42.064998626709,6035800,40.8729705810547
2024-09-09,42.9749984741211,44.0750007629395,42.5950012207031,43.5099983215332,4767400,42.277027130127
2024-09-10,43.814998626709,43.8400001525879,42.189998626709,43.2150001525879,5316000,41.9903831481934
2024-09-11,42.8549995422363,43.75,40.8400001525879,43.5299987792969,7370600,42.296459197998
2024-09-12,43.6599998474121,44.4000015258789,42.9550018310547,44.4000015258789,4637200,43.1417999267578
2024-09-13,44.5499992370605,45.7449989318848,44.4799995422363,45.314998626709,5121800,44.030876159668
2024-09-16,45.7799987792969,46.4700012207031,45.5299987792969,46.0800018310547,2989200,44.7742042541504
2024-09-17,46.375,46.7750015258789,45.5499992370605,46.0299987792969,3754600,44.7256164550781
2024-09-18,46.0950012207031,47.25,45.4550018310547,45.6450004577637,6611400,44.3515205383301
2024-09-19,47.5699996948242,47.8199996948242,46.6949996948242,47.3499984741211,3918600,46.0082168579102
2024-09-20,47.0750007629395,47.7050018310547,46.7649993896484,47.4249992370605,3626600,46.0810813903809
2024-09-23,47.6300010681152,47.8349990844727,47.2400016784668,47.6300010681152,2535600,46.2802772521973
2024-09-24,47.7949981689453,48.1599998474121,47.3499984741211,47.9700012207031,3767200,46.6106452941895
2024-09-25,47.9000015258789,48.0750007629395,46.5250015258789,46.75,3368800,45.5705604553223
2024-09-26,47.4500007629395,47.7599983215332,47.125,47.5900001525879,3434400,46.3893699645996
2024-09-27,47.8800010681152,49.0999984741211,47.7900009155273,47.9650001525879,3298800,46.7549018859863
2024-09-30,47.7999992370605,48.0950012207031,46.7050018310547,48.0400009155273,3852800,46.8280143737793
2024-10-01,47.7849998474121,48.0400009155273,46.7099990844727,47.4650001525879,5910000,46.2675170898438
2024-10-02,47.5699996948242,47.7949981689453,46.814998626709,47.564998626709,3610600,46.3649978637695
2024-10-03,47.0499992370605,47.3250007629395,46.3549995422363,46.9049987792969,5203400,45.7216491699219
2024-10-04,47.689998626709,48.0950012207031,46.7900009155273,48.0349998474121,3824800,46.8231391906738
2024-10-07,47.5849990844727,47.8549995422363,46.2649993896484,46.7249984741211,4379000,45.5461883544922
2024-10-08,47.0099983215332,47.2649993896484,46.4199981689453,47.0999984741211,3719600,45.9117279052734
2024-10-09,47.125,48.7249984741211,46.8400001525879,48.5299987792969,4574600,47.3056526184082
2024-10-10,48.4550018310547,48.5099983215332,47.8199996948242,48.3499984741211,3827600,47.1301918029785
2024-10-11,48.5200004577637,49.8050003051758,48.435001373291,49.6699981689453,3610600,48.4168930053711
2024-10-14,49.5449981689453,50.6300010681152,49.1749992370605,50.4650001525879,2500600,49.191837310791
2024-10-15,49.8899993896484,50.1650009155273,49.0900001525879,49.2700004577637,5692200,48.026985168457
2024-10-16,49.1199989318848,50.4599990844727,49.0250015258789,50.3450012207031,3148000,49.0748596191406
2024-10-17,50.9650001525879,51.0849990844727,50.4900016784668,50.9049987792969,3586800,49.620735168457
2024-10-18,50.8950004577637,51.2050018310547,50.1949996948242,51.0050010681152,4117200,49.7182121276855
2024-10-21,50.9150009155273,51.125,49.6150016784668,49.8450012207031,5008200,48.587474822998
2024-10-22,49.2050018310547,50.185001373291,49.0499992370605,49.7750015258789,4851800,48.5192451477051
2024-10-23,48.9900016784668,49.2350006103516,47.5750007629395,48.3349990844727,5966800,47.1155738830566
2024-10-24,48.0349998474121,48.1500015258789,47.2200012207031,47.8650016784668,3510400,46.6574363708496
2024-10-25,48.3699989318848,48.5550003051758,46.685001373291,46.9300003051758,4031000,45.746021270752
2024-10-28,47.7000007629395,48.1199989318848,47.5950012207031,47.8549995422363,3778200,46.6476783752441
2024-10-29,47.2299995422363,48.1650009155273,47.0750007629395,47.3300018310547,3032800,46.1359329223633
2024-10-30,47.1549987792969,48.0299987792969,46.9500007629395,47.0849990844727,3881200,45.8971099853516
2024-10-31,46.2050018310547,46.4150009155273,45.4599990844727,45.6949996948242,3779000,44.5421752929688
2024-11-01,46.2949981689453,47.4900016784668,46.189998626709,46.5299987792969,3746400,45.3561096191406
2024-11-04,46.3300018310547,46.4850006103516,45.2050018310547,45.7550010681152,3343200,44.6006622314453
2024-11-05,45.7849998474121,47.2099990844727,45.6100006103516,47.1049995422363,3763000,45.9166030883789
2024-11-06,51.2299995422363,52.2849998474121,50.9300003051758,52.1100006103516,7429200,50.795337677002
2024-11-07,52.189998626709,52.439998626709,51.7949981689453,52.1300010681152,3810000,50.8148307800293
2024-11-08,52.4000015258789,53.5950012207031,52.0800018310547,53.0499992370605,3871800,51.7116165161133
2024-11-11,53.6800003051758,54.7599983215332,53.6699981689453,54.0999984741211,3387800,52.7351264953613
2024-11-12,54.2649993896484,54.5149993896484,52.625,52.7550010681152,4510400,51.4240646362305
2024-11-13,52.9249992370605,53.5050010681152,52.3849983215332,52.8800010681152,3301200,51.5459060668945
2024-11-14,53.1450004577637,53.2700004577637,51.9000015258789,52.0950012207031,2859000,50.7807159423828
2024-11-15,51.4949989318848,51.7350006103516,50.6599998474121,51.0149993896484,4245600,49.7279586791992
2024-11-18,50.875,51.2849998474121,50.5400009155273,50.8899993896484,2323400,49.6061134338379
2024-11-19,49.6749992370605,50.8499984741211,49.2599983215332,50.435001373291,4860000,49.16259765625
2024-11-20,50.6049995422363,51.0950012207031,49.7150001525879,50.8950004577637,3607000,49.6109886169434
2024-11-21,51.4199981689453,53.060001373291,50.6450004577637,52.5,5955400,51.1754951477051
2024-11-22,52.6949996948242,54.1199989318848,52.5900001525879,53.9700012207031,4936600,52.6084136962891
2024-11-25,55.2099990844727,55.8699989318848,54.7799987792969,55.5349998474121,4064600,54.1339225769043
2024-11-26,55.185001373291,56.2050018310547,54.4650001525879,56.0299987792969,4678600,54.6164360046387
2024-11-27,56.1150016784668,56.6650009155273,55.435001373291,55.5499992370605,4238800,54.148551940918
2024-11-29,55.7200012207031,56.8349990844727,55.7200012207031,56.3800010681152,2821800,54.9576072692871
2024-12-02,56.5699996948242,56.7249984741211,55.5699996948242,55.8699989318848,4418600,54.4604759216309
2024-12-03,56.0149993896484,56.1749992370605,55.0699996948242,55.5349998474121,3033800,54.1339225769043
2024-12-04,56.25,56.8899993896484,55.8699989318848,56.6349983215332,4671400,55.2061729431152
2024-12-05,56.4449996948242,56.8250007629395,55.6500015258789,55.7900009155273,3680400,54.382495880127
2024-12-06,56.0349998474121,56.2000007629395,55.0250015258789,55.1599998474121,3677600,53.7683868408203
2024-12-09,55.3400001525879,55.560001373291,54.2700004577637,54.3549995422363,3396200,52.9836959838867
2024-12-10,54.1399993896484,54.6150016784668,53.5800018310547,53.814998626709,3546200,52.4573173522949
2024-12-11,53.9850006103516,54.2000007629395,53.3450012207031,53.3950004577637,4408000,52.0479202270508
2024-12-12,53.3699989318848,53.6100006103516,52.5,52.5750007629395,4059600,51.248607635498
2024-12-13,52.7350006103516,52.9749984741211,52.0250015258789,52.1800003051758,4846600,50.8635673522949
2024-12-16,52.2750015258789,52.6450004577637,51.6949996948242,51.8199996948242,3853800,50.5126495361328
2024-12-17,51.0250015258789,51.2599983215332,50.4099998474121,50.8050003051758,4972600,49.5232620239258
2024-12-18,50.939998626709,51.6699981689453,46.7299995422363,46.8650016784668,9507400,45.6826629638672
2024-12-19,47.8800010681152,48.375,46.8800010681152,46.8950004577637,8101800,45.7119064331055
2024-12-20,46.435001373291,49.7750015258789,46.3300018310547,48.564998626709,7785600,47.339771270752
2024-12-23,48.0849990844727,48.810001373291,47.310001373291,48.6150016784668,4830200,47.4613151550293
2024-12-24,48.5950012207031,49.8549995422363,48.3800010681152,49.7949981689453,2588200,48.6133079528809
2024-12-26,49.2799987792969,50.2050018310547,49.2599983215332,50.0299987792969,2538800,48.8427352905273
2024-12-27,49.1100006103516,49.6749992370605,47.9949989318848,48.9099998474121,4874000,47.7493171691895
2024-12-30,47.3250007629395,48.0750007629395,46.3199996948242,47.435001373291,5447800,46.3093147277832
2024-12-31,47.7700004577637,48.0449981689453,46.8250007629395,47.2750015258789,3414800,46.1531143188477
2025-01-02,48.2249984741211,48.4449996948242,45.9900016784668,46.7400016784668,4036200,45.6308135986328
2025-01-03,47.3600006103516,47.9850006103516,46.8250007629395,47.7799987792969,3053200,46.6461372375488
2025-01-06,48.3250007629395,49.1100006103516,47.4150009155273,47.7599983215332,4262800,46.6266059875488
2025-01-07,48.3450012207031,48.4799995422363,46.6450004577637,47.1549987792969,4368800,46.0359649658203
2025-01-08,47.1399993896484,47.5200004577637,46.4300003051758,47.3899993896484,3439800,46.2653846740723
2025-01-10,46.7350006103516,46.7400016784668,44.8899993896484,45.0699996948242,5854600,44.0004386901855
2025-01-13,44.8650016784668,46.310001373291,44.7700004577637,46.2299995422363,3412400,45.1329154968262
2025-01-14,46.8450012207031,47.0499992370605,45.75,46.9199981689453,3605600,45.8065414428711
2025-01-15,49.0349998474121,49.5849990844727,48.6949996948242,49.2550010681152,5160200,48.0861282348633
2025-01-16,49.1599998474121,49.4799995422363,48.7350006103516,49.0149993896484,2650800,47.8518218994141
2025-01-17,50.0099983215332,50.6450004577637,49.8199996948242,50.064998626709,3742200,48.8769035339355
2025-01-21,50.625,52.0250015258789,50.6199989318848,51.9749984741211,4052800,50.7415809631348
2025-01-22,52.3899993896484,52.5800018310547,51.9900016784668,52.3549995422363,3448800,51.1125602722168
2025-01-23,52.3950004577637,53.7799987792969,52.3899993896484,53.7550010681152,3233200,52.4793395996094
2025-01-24,53.5050010681152,53.7550010681152,52.9650001525879,53.2400016784668,2466400,51.9765586853027
2025-01-27,51.9900016784668,54.375,51.9500007629395,54.3050003051758,5342600,53.016284942627
2025-01-28,54.3300018310547,55.2599983215332,53.9700012207031,54.7599983215332,3221200,53.4604835510254
2025-01-29,54.6549987792969,55.2050018310547,53.7900009155273,54.314998626709,3930600,53.0260467529297
2025-01-30,54.0499992370605,55.3549995422363,53.9749984741211,54.8600006103516,2672400,53.5581169128418
2025-01-31,55.310001373291,55.4049987792969,53.4500007629395,53.5699996948242,3360000,52.2987289428711
2025-02-03,51.6199989318848,53.7449989318848,51.1599998474121,53.125,5306600,51.8642883300781
2025-02-04,53.1199989318848,53.75,52.7649993896484,53.5849990844727,2443600,52.3133659362793
2025-02-05,53.6349983215332,54.75,52.814998626709,54.689998626709,2791200,53.3921432495117
2025-02-06,54.9249992370605,55.0449981689453,53.4799995422363,54.2050018310547,2899600,52.9186630249023
2025-02-07,54.3349990844727,54.5699996948242,52.4949989318848,52.6300010681152,3700000,51.3810348510742
2025-02-10,53.5550003051758,53.7299995422363,52.5900001525879,53.1749992370605,2256200,51.9131050109863
2025-02-11,52.6650009155273,53.8050003051758,52.6150016784668,53.6599998474121,2415600,52.386589050293
2025-02-12,52.2900009155273,53.1599998474121,51.8199996948242,52.7649993896484,2610800,51.5128364562988
2025-02-13,53.2799987792969,54.2249984741211,52.75,53.9900016784668,2528000,52.7087631225586
2025-02-14,53.8849983215332,54.25,53.2649993896484,53.439998626709,2153400,52.1718139648438
2025-02-18,53.2200012207031,53.4799995422363,52.625,53.4500007629395,3705800,52.1815795898438
2025-02-19,53,53.7249984741211,52.5800018310547,53.6800003051758,3180800,52.4061164855957
2025-02-20,53.1699981689453,53.310001373291,51.2750015258789,52.125,4296400,50.8880195617676
2025-02-21,51.1650009155273,51.2750015258789,49.1300010681152,49.4049987792969,6174600,48.2325668334961
2025-02-24,49.9599990844727,50.314998626709,49.1150016784668,49.5149993896484,3781200,48.3399543762207
2025-02-25,49.8300018310547,50.5250015258789,48.8650016784668,50.0449981689453,5689800,48.8573760986328
2025-02-26,50.1300010681152,50.8600006103516,48.939998626709,49.4150009155273,4142400,48.2423324584961
2025-02-27,49.435001373291,50.8899993896484,48.6349983215332,48.7350006103516,4702000,47.5784683227539
2025-02-28,48.939998626709,50.8499984741211,48.2400016784668,50.7050018310547,4703800,49.5017204284668
2025-03-03,51.0999984741211,51.4949989318848,47.5999984741211,48.5250015258789,6123600,47.3734550476074
2025-03-04,47.689998626709,48.1500015258789,45.7099990844727,46.2999992370605,8325400,45.2012481689453
2025-03-05,46.1800003051758,48.25,45.9099998474121,47.7999992370605,4964600,46.665657043457
2025-03-06,46.435001373291,47.75,45.7350006103516,46.3800010681152,6297800,45.2793617248535
2025-03-07,45.7249984741211,47.4150009155273,45.0349998474121,47.064998626709,6986400,45.9480934143066
2025-03-10,45.4300003051758,46.3199996948242,43.2099990844727,44.189998626709,7208800,43.1413269042969
2025-03-11,43.8250007629395,44.0099983215332,41.8600006103516,42.625,9498800,41.6134643554688
2025-03-12,43.3199996948242,43.5250015258789,41.3349990844727,42.3699989318848,6602400,41.3645172119141
2025-03-13,42.2050018310547,42.4500007629395,40.310001373291,40.7900009155273,4525800,39.8220138549805
2025-03-14,41.3549995422363,42.8899993896484,41.0699996948242,42.7000007629395,3969000,41.6866836547852
2025-03-17,42.6049995422363,44.3800010681152,42.5499992370605,43.8950004577637,2165800,42.853328704834
2025-03-18,43.6150016784668,43.7099990844727,42.4850006103516,43.0400009155273,3579800,42.0186157226562
2025-03-19,43.3549995422363,44.8800010681152,43,44.2550010681152,3403800,43.2047882080078
2025-03-20,43.4199981689453,45.0750007629395,43.3300018310547,44.1199989318848,2665000,43.0729866027832
2025-03-21,43.0550003051758,44.2900009155273,42.4599990844727,44.1599998474121,4706200,43.1120376586914
2025-03-24,45.3199996948242,46.2400016784668,45.1800003051758,45.9900016784668,2623400,44.8986129760742
2025-03-25,46.2750015258789,46.435001373291,45.625,46.0900001525879,2025000,44.9962348937988
2025-03-26,46.064998626709,46.6800003051758,45.060001373291,45.4199981689453,2947400,44.4951591491699
2025-03-27,45.2350006103516,45.6749992370605,44.5,44.9799995422363,2636800,44.0641174316406
2025-03-28,44.6349983215332,44.7550010681152,42.4799995422363,42.6100006103516,4071600,41.7423706054688
2025-03-31,41.5400009155273,44.3549995422363,41.3199996948242,43.9099998474121,4076200,43.0158996582031
2025-04-01,43.435001373291,44.3250007629395,42.375,43.814998626709,4329600,42.9228363037109
2025-04-02,42.75,45.0699996948242,42.7200012207031,44.5299987792969,4735200,43.6232719421387
2025-04-03,41,41.2249984741211,39.1549987792969,39.2649993896484,7252200,38.4654769897461
2025-04-04,36.1949996948242,36.689998626709,32.6549987792969,32.810001373291,9130200,32.1419258117676
2025-04-07,29.7450008392334,35.0699996948242,28.4500007629395,31.8449993133545,24502600,31.1965675354004
2025-04-08,35.314998626709,35.5449981689453,29.6800003051758,31.0900001525879,12103600,30.4569416046143
2025-04-09,29.9500007629395,38.7849998474121,29.9500007629395,38.310001373291,22271800,37.5299301147461
2025-04-10,36.5349998474121,36.685001373291,32.1749992370605,35.4449996948242,15419400,34.7232627868652
2025-04-11,35.0299987792969,37.6150016784668,34.5449981689453,37.0400009155273,6973600,36.2857894897461
2025-04-14,38.5800018310547,38.685001373291,36.9500007629395,38,6409600,37.2262420654297
2025-04-15,38.0999984741211,38.7249984741211,37.4599990844727,37.5050010681152,4143000,36.7413177490234
2025-04-16,37.1150016784668,37.6549987792969,34.7999992370605,35.5550003051758,5773000,34.8310279846191
2025-04-17,34.1599998474121,34.9150009155273,33.6199989318848,34.125,5799200,33.4301414489746
2025-04-21,33.3450012207031,33.4099998474121,30.7049999237061,31.5599994659424,5918800,30.9173717498779
2025-04-22,32.6150016784668,34.3050003051758,32.435001373291,34.0800018310547,5223800,33.3860626220703
2025-04-23,35.9900016784668,37.1699981689453,34.8549995422363,35.1199989318848,7350000,34.4048843383789
2025-04-24,35.0149993896484,36.6500015258789,34.564998626709,36.4249992370605,3975800,35.6833114624023
2025-04-25,36.1450004577637,36.5400009155273,35.3950004577637,36.4650001525879,4453600,35.7224922180176
2025-04-28,36.6500015258789,37.2999992370605,35.8050003051758,36.7700004577637,3856400,36.0212898254395
2025-04-29,36.7700004577637,37.8600006103516,36.7350006103516,37.5550003051758,3820800,36.7902984619141
2025-04-30,36.75,38.2550010681152,35.3899993896484,37.8499984741211,5350000,37.0792961120605
2025-05-01,38.4700012207031,39.1450004577637,38.0449981689453,38.1650009155273,2706000,37.387882232666
2025-05-02,39.3549995422363,39.9249992370605,38.939998626709,39.689998626709,3151000,38.8818283081055
2025-05-05,39.0499992370605,40.0800018310547,38.9550018310547,39.4650001525879,2529000,38.6614112854004
2025-05-06,38.3650016784668,39.2900009155273,38.0900001525879,38.2649993896484,3250000,37.48583984375
2025-05-07,38.7449989318848,39.5550003051758,38.2849998474121,39.0550003051758,3968200,38.2597541809082
2025-05-08,39.6300010681152,40.9700012207031,39.2350006103516,39.8650016784668,3788200,39.0532646179199
2025-05-09,39.9900016784668,40.2099990844727,39.1599998474121,39.4150009155273,2858600,38.6124267578125
2025-05-12,42.4099998474121,42.7900009155273,41.8800010681152,42.7599983215332,3728400,41.8893127441406
2025-05-13,42.2949981689453,42.689998626709,41.9199981689453,41.9449996948242,3990400,41.0909118652344
2025-05-14,42.1049995422363,42.2849998474121,41.3699989318848,41.6450004577637,4229000,40.7970237731934
2025-05-15,41.0400009155273,42.564998626709,41.0349998474121,42.5149993896484,4113200,41.6493072509766
2025-05-16,42.625,43.5499992370605,42.2649993896484,43.5050010681152,2726400,42.6191482543945
2025-05-19,42.6049995422363,44.1100006103516,42.5849990844727,43.9449996948242,4056000,43.0501861572266
2025-05-20,43.7249984741211,43.9700012207031,43,43.5849990844727,2338800,42.6975212097168
2025-05-21,42.4000015258789,42.8349990844727,40.8600006103516,41.060001373291,5109600,40.2239303588867
2025-05-22,40.810001373291,41.7400016784668,40.6399993896484,41.060001373291,3784200,40.2239303588867
2025-05-23,39.5699996948242,40.8250007629395,39.5550003051758,40.2949981689453,4011400,39.4745101928711
2025-05-27,41.5149993896484,42.4500007629395,41.0849990844727,42.4500007629395,2868400,41.5856285095215
2025-05-28,42.3950004577637,42.7350006103516,41.5099983215332,41.7150001525879,3118000,40.8655967712402
2025-05-29,42.0099983215332,42.1500015258789,40.8400001525879,42.0200004577637,4367600,41.1643829345703
2025-05-30,41.875,42.5050010681152,41.0999984741211,42.0800018310547,3330800,41.2231636047363
2025-06-02,41.6100006103516,42.3549995422363,40.9449996948242,42.3199996948242,2634200,41.4582748413086
2025-06-03,42.1150016784668,43.1100006103516,41.935001373291,42.9900016784668,2533400,42.1146354675293
2025-06-04,43.1049995422363,43.3400001525879,42.6549987792969,42.6699981689453,1944000,41.8011474609375
2025-06-05,42.939998626709,43.2150001525879,42.0149993896484,42.3699989318848,3600000,41.5072593688965
2025-06-06,43.4650001525879,44.1399993896484,43.0950012207031,43.6399993896484,2909000,42.7513961791992
2025-06-09,43.6749992370605,44.0449981689453,43.0349998474121,43.625,3504200,42.7367057800293
2025-06-10,43.5900001525879,44.1450004577637,43.4749984741211,43.9900016784668,3551800,43.0942687988281
2025-06-11,44.0800018310547,44.7249984741211,43.5499992370605,43.9749984741211,4517400,43.0795745849609
2025-06-12,43.5349998474121,44.2400016784668,43.1500015258789,44.2299995422363,3798400,43.3293838500977
2025-06-13,42.8450012207031,43.0999984741211,41.4599990844727,41.814998626709,7829600,40.9635543823242
2025-06-16,42.4550018310547,43.4049987792969,42.4300003051758,42.8300018310547,3503200,41.957893371582
2025-06-17,42.3050003051758,42.875,41.6300010681152,41.8899993896484,3133800,41.0370330810547
2025-06-18,42.0299987792969,42.7700004577637,41.5699996948242,41.7750015258789,2863200,40.9243774414062
2025-06-20,42.2400016784668,42.4749984741211,41.4650001525879,41.7550010681152,3693400,40.9047813415527
2025-06-23,41.814998626709,42.9949989318848,41.1049995422363,42.9199981689453,5141600,42.0460586547852
2025-06-24,43.7750015258789,44.7249984741211,43.5099983215332,44.4199981689453,3165600,43.5155067443848
2025-06-25,44.2099990844727,44.25,43.5200004577637,43.9199981689453,2896000,43.2374076843262
2025-06-26,44.2299995422363,45.2299995422363,44.2150001525879,45.1399993896484,2646400,44.4384460449219
2025-06-27,45.5250015258789,46.8800010681152,45.4799995422363,46.3800010681152,4126200,45.6591758728027
2025-06-30,47.1399993896484,47.4099998474121,46.6100006103516,47.2099990844727,2618600,46.4762687683105
2025-07-01,47.064998626709,48.9099998474121,47,48.564998626709,7025400,47.8102149963379
2025-07-02,48.4900016784668,48.7200012207031,48.0499992370605,48.4900016784668,3704000,47.7363815307617
2025-07-03,48.7449989318848,49.7900009155273,48.7299995422363,49.5099983215332,3536400,48.7405281066895
2025-07-07,49.2849998474121,49.4249992370605,47.375,48.1949996948242,4749200,47.4459648132324
2025-07-08,48.064998626709,48.2700004577637,47.5149993896484,47.5999984741211,4600400,46.8602104187012
2025-07-09,48.25,48.6500015258789,47.5900001525879,48.3050003051758,4850600,47.554256439209
2025-07-10,48.2550010681152,49.3400001525879,48.0200004577637,48.9199981689453,3266400,48.1596984863281
2025-07-11,47.9700012207031,48.2150001525879,47.6599998474121,47.939998626709,5475400,47.1949272155762
2025-07-14,47.7750015258789,48.2900009155273,47.5800018310547,48.2550010681152,3689000,47.5050354003906
2025-07-15,48.2050018310547,48.4150009155273,46.7750015258789,46.7799987792969,6667800,46.0529518127441
2025-07-16,47.310001373291,47.5550003051758,45.9599990844727,47.4850006103516,6738000,46.7470016479492
2025-07-17,47.3600006103516,48.4949989318848,47.314998626709,48.314998626709,4667400,47.5641059875488
2025-07-18,48.560001373291,48.5900001525879,47.3899993896484,47.7599983215332,4893000,47.0177268981934
2025-07-21,48.0550003051758,48.6300010681152,47.7050018310547,47.7999992370605,4405600,47.0571060180664
2025-07-22,47.5999984741211,48.4249992370605,47.5950012207031,48.2599983215332,4500000,47.5099563598633
2025-07-23,49.0200004577637,49.9799995422363,48.7099990844727,49.9599990844727,6135200,49.183536529541
2025-07-24,48.8950004577637,49.5900001525879,48.814998626709,48.9249992370605,4664800,48.1646194458008
2025-07-25,49.0250015258789,49.625,48.6599998474121,49.5149993896484,3438800,48.7454490661621
2025-07-28,49.3650016784668,49.6399993896484,48.9550018310547,49.2750015258789,3736600,48.5091857910156
2025-07-29,49.3450012207031,49.4150009155273,48.3699989318848,48.6599998474121,4021000,47.903736114502
2025-07-30,48.6949996948242,48.9249992370605,47.3600006103516,48.0349998474121,5830600,47.2884521484375
2025-07-31,48.2099990844727,48.5050010681152,46.6699981689453,46.939998626709,5913400,46.2104682922363
2025-08-01,45.7449989318848,45.75,44.3699989318848,45.1049995422363,6137200,44.4039916992188
2025-08-04,45.75,46.9949989318848,45.685001373291,46.9749984741211,3109200,46.2449264526367
2025-08-05,46.9700012207031,47.3400001525879,46.1399993896484,46.7449989318848,3822200,46.0185012817383
2025-08-06,47.0349998474121,47.310001373291,46.4150009155273,46.9949989318848,3515800,46.2646179199219
2025-08-07,47.7299995422363,47.9599990844727,45.7249984741211,46.2900009155273,5345800,45.5705757141113
2025-08-08,46.564998626709,47.2200012207031,46.4150009155273,46.9000015258789,3915400,46.1710929870605
2025-08-11,47.0349998474121,47.2050018310547,46.0550003051758,46.310001373291,4185800,45.5902633666992
2025-08-12,46.8050003051758,47.8950004577637,46.6450004577637,47.7299995422363,4020600,46.9881935119629
2025-08-13,48.310001373291,49.3349990844727,48.1800003051758,49.2799987792969,4990000,48.514102935791
2025-08-14,48.7099990844727,49.3300018310547,48.4550018310547,49.1699981689453,3224600,48.4058113098145
2025-08-15,50.1300010681152,50.1599998474121,49.1500015258789,49.3450012207031,3594800,48.5780944824219
2025-08-18,49.2649993896484,49.4650001525879,49.0349998474121,49.1699981689453,2516000,48.4058113098145
2025-08-19,49.4049987792969,50.1549987792969,48.8699989318848,49.2249984741211,4941200,48.4599571228027
2025-08-20,49.3699989318848,49.6049995422363,48.6749992370605,49.2050018310547,4675400,48.4402694702148
2025-08-21,48.6749992370605,49.1100006103516,48.0699996948242,48.7400016784668,3847400,47.982494354248
2025-08-22,49.5200004577637,51.9449996948242,49.4799995422363,51.5149993896484,6833400,50.7143669128418
2025-08-25,51.185001373291,51.3699989318848,50.3050003051758,50.3349990844727,3501800,49.5527038574219
2025-08-26,50.189998626709,50.8600006103516,50.125,50.7700004577637,3590200,49.9809494018555
2025-08-27,50.6699981689453,51.4749984741211,50.6599998474121,51.2649993896484,2659800,50.4682540893555
2025-08-28,51.4300003051758,51.6349983215332,50.8400001525879,51.5,3852800,50.6996002197266
2025-08-29,51.2299995422363,51.4700012207031,50.6049995422363,51.2200012207031,3835000,50.423957824707
2025-09-02,49.8199996948242,50.3899993896484,49.2000007629395,50.3600006103516,3754000,49.5773162841797
2025-09-03,50.1100006103516,50.4000015258789,49.3250007629395,50.2400016784668,3239600,49.4591827392578
2025-09-04,50.310001373291,51.5400009155273,50.0050010681152,51.4599990844727,3565400,50.6602210998535
2025-09-05,51.4599990844727,51.9700012207031,50.060001373291,50.7299995422363,4447000,49.9415664672852
2025-09-08,50.8499984741211,51.1549987792969,50.2750015258789,51.1300010681152,4101000,50.3353500366211
2025-09-09,51.0349998474121,51.8950004577637,50.7799987792969,51.7299995422363,5091800,50.926025390625
2025-09-10,51.5999984741211,51.685001373291,50.5950012207031,51,5869200,50.2073745727539
2025-09-11,51.310001373291,53.1199989318848,51.2099990844727,52.9900016784668,4340200,52.1664428710938
2025-09-12,52.75,52.8699989318848,51.9650001525879,52.0400009155273,3420200,51.2312088012695
2025-09-15,52.2599983215332,52.564998626709,51.875,52.2999992370605,4636600,51.4871673583984
2025-09-16,52.2900009155273,52.5200004577637,51.4850006103516,51.8300018310547,2891400,51.0244750976562
2025-09-17,52.1549987792969,53.5400009155273,51.5499992370605,52.6549987792969,5029200,51.8366470336914
2025-09-18,52.6399993896484,53.7000007629395,52.435001373291,53.1100006103516,4853800,52.2845764160156
2025-09-19,53.5449981689453,53.9099998474121,52.9249992370605,53.6199989318848,3442600,52.7866516113281
2025-09-22,52.9900016784668,54.0800018310547,52.6399993896484,53.8600006103516,2704600,53.0229263305664
2025-09-23,54.0299987792969,55.0099983215332,53.2849998474121,53.5999984741211,3437400,52.7669639587402
2025-09-24,53.5349998474121,53.8699989318848,52.6150016784668,52.7000007629395,2961200,52.1006355285645
2025-09-25,52.2999992370605,52.689998626709,51.5550003051758,52.1300010681152,2127600,51.5371170043945
2025-09-26,52.7000007629395,53.4449996948242,52.4000015258789,53.0499992370605,2966200,52.4466514587402
2025-09-29,53.564998626709,53.564998626709,52.7050018310547,53.3050003051758,3323000,52.6987457275391
2025-09-30,53.125,53.6399993896484,52.5299987792969,53.5250015258789,3154200,52.9162445068359
2025-10-01,53.1049995422363,53.9900016784668,53.0999984741211,53.6800003051758,4523800,53.0694847106934
2025-10-02,53.689998626709,54.189998626709,53.1049995422363,53.9799995422363,4264400,53.3660736083984
2025-10-03,54.1549987792969,55.75,54.1199989318848,54.7550010681152,4558600,54.1322631835938
2025-10-06,55.0099983215332,55.0750007629395,53.5950012207031,54.4949989318848,5191600,53.8752098083496
2025-10-07,54.7299995422363,55.1150016784668,53.6450004577637,54.1800003051758,5923400,53.5637969970703
2025-10-08,54.6300010681152,54.9249992370605,53.814998626709,54.2050018310547,6021200,53.5885124206543
2025-10-09,54.2249984741211,54.435001373291,52.9900016784668,53.2849998474121,5764000,52.6789741516113
2025-10-10,53.7799987792969,54.2599983215332,50.1949996948242,50.2599983215332,8439600,49.6883773803711
2025-10-13,51.3650016784668,52.4650001525879,51.2999992370605,52.1749992370605,4437000,51.581600189209
2025-10-14,50.9199981689453,53.689998626709,50.0800018310547,52.8499984741211,6226200,52.2489204406738
2025-10-15,53.5,54.2799987792969,51.9900016784668,52.8499984741211,5047000,52.2489204406738
2025-10-16,53.0499992370605,53.3499984741211,51.1500015258789,51.7599983215332,6619400,51.1713218688965
2025-10-17,51.6599998474121,52.939998626709,51.5499992370605,52.4749984741211,4401000,51.8781890869141
2025-10-20,53.0499992370605,54.439998626709,53.0349998474121,54.2599983215332,3693200,53.6428833007812
2025-10-21,54.2599983215332,55.7249984741211,54.2099990844727,55.0299987792969,3689000,54.4041290283203
2025-10-22,55,55.0050010681152,53.3400001525879,53.8199996948242,4734800,53.2078895568848
2025-10-23,53.7050018310547,54.5299987792969,53.4599990844727,54.2999992370605,3819800,53.682430267334
2025-10-24,55.2050018310547,56.3250007629395,54.9550018310547,55.9500007629395,3838000,55.3136672973633
2025-10-27,56.8450012207031,57.1549987792969,56.4850006103516,57.060001373291,3398000,56.4110450744629
2025-10-28,58.2849998474121,58.5099983215332,57.5800018310547,57.7050018310547,4044400,57.0487060546875
2025-10-29,58.2449989318848,58.8600006103516,56.7150001525879,57.435001373291,7574400,56.7817764282227
2025-10-30,56.5400009155273,58.7400016784668,56.5,56.9150009155273,5347000,56.2676963806152
2025-10-31,57.1500015258789,57.6049995422363,56.2799987792969,57.0800018310547,5127800,56.4308166503906
2025-11-03,57.2449989318848,57.2949981689453,55.5,56.2949981689453,4927600,55.6547431945801
2025-11-04,55.1699981689453,55.9850006103516,54.5999984741211,55.3600006103516,7031200,54.7303771972656
2025-11-05,55.2999992370605,56.6100006103516,55.1500015258789,56.0900001525879,6478400,55.452075958252
2025-11-06,55.7099990844727,56.2150001525879,54.2249984741211,54.7150001525879,6076800,54.0927124023438
2025-11-07,54.3349990844727,54.9150009155273,53.1349983215332,54.8849983215332,7645600,54.2607765197754
2025-11-10,55.5449981689453,56.3650016784668,54.7150001525879,56.2200012207031,6125000,55.5805969238281
2025-11-11,56.3899993896484,58.3899993896484,56.3050003051758,58.2299995422363,5697200,57.5677337646484
2025-11-12,58.6100006103516,60.0349998474121,58.6100006103516,59.4550018310547,11258200,58.7788047790527
2025-11-13,58.9249992370605,59.2849998474121,56.2750015258789,56.4749984741211,8061200,55.832691192627
2025-11-14,55.2099990844727,56.1650009155273,54.3199996948242,55.375,9323000,54.7452087402344
2025-11-17,55.0099983215332,55.5349998474121,52.7949981689453,53.4049987792969,9520000,52.7976112365723
2025-11-18,51.9749984741211,52.6300010681152,51.060001373291,51.689998626709,24205800,51.1021194458008
2025-11-19,51.7249984741211,52.3549995422363,51.0149993896484,51.7799987792969,13136000,51.1910934448242
2025-11-20,53.3899993896484,54.2400016784668,50.4300003051758,50.5299987792969,22463100,49.9553031921387
2025-11-21,51.1599998474121,53.2599983215332,50.6199989318848,52.2099990844727,23032100,51.6161994934082
2025-11-24,52.5900001525879,53.2799987792969,51.6399993896484,52.7599983215332,4957400,52.1599426269531
2025-11-25,53.1500015258789,55.310001373291,52.4500007629395,55.060001373291,5060200,54.4337921142578
2025-11-26,55.4300003051758,56.6599998474121,55.3400001525879,56.1399993896484,2384400,55.5015068054199
2025-11-28,56.4000015258789,57.2700004577637,56.310001373291,57.1100006103516,1028400,56.4604759216309
2025-12-01,56.0900001525879,57.0299987792969,55.5900001525879,55.7299995422363,2889100,55.0961723327637
2025-12-02,56.0299987792969,56.810001373291,55.6199989318848,56.3899993896484,3585500,55.748664855957
2025-12-03,56.2200012207031,58.1100006103516,56.1800003051758,57.8400001525879,3198200,57.1821708679199
2025-12-04,57.9500007629395,58.4799995422363,57.1399993896484,57.7099990844727,2528300,57.053653717041
2025-12-05,57.7999992370605,58.6800003051758,57.7400016784668,57.9799995422363,2829800,57.3205795288086
2025-12-08,58.1699981689453,58.1699981689453,56.8300018310547,57.310001373291,3019000,56.6581993103027
2025-12-09,57.2599983215332,58.060001373291,56.5400009155273,56.6699981689453,4355800,56.0254783630371
2025-12-10,56.5699996948242,58.9199981689453,56.2700004577637,58.4199981689453,4662400,57.7555694580078
2025-12-11,58.7000007629395,60.9500007629395,58.6199989318848,60.7799987792969,3803000,60.0887336730957
2025-12-12,61.0499992370605,61.3899993896484,59.3400001525879,59.7799987792969,5712600,59.1001014709473
2025-12-15,60.5699996948242,60.6399993896484,59.1599998474121,59.7000007629395,2605000,59.0210227966309
2025-12-16,59.4199981689453,59.7900009155273,57.8899993896484,58.4799995422363,5675300,57.8148918151855
2025-12-17,58.7599983215332,59.5099983215332,57.5699996948242,57.6699981689453,5040700,57.014102935791
2025-12-18,58.5499992370605,59.4099998474121,57.5499992370605,57.9199981689453,3323700,57.2612571716309
2025-12-19,58.2999992370605,59.0800018310547,58.2299995422363,58.4900016784668,1845400,57.824779510498
2025-12-22,58.75,59.6599998474121,58.75,59.3199996948242,1666300,58.6453399658203
2025-12-23,58.8499984741211,59.9099998474121,58.8300018310547,59.5499992370605,1391700,58.8727226257324
2025-12-24,59.3300018310547,60.5800018310547,59.1100006103516,60.3699989318848,1103100,59.8794746398926
2025-12-26,60.2700004577637,60.5499992370605,59.8499984741211,60.3300018310547,1499000,59.8398017883301
2025-12-29,59.9000015258789,60.2599983215332,59.0999984741211,59.3899993896484,1656500,58.9074363708496
2025-12-30,59.3899993896484,59.4199981689453,58.7299995422363,59.0400009155273,1518300,58.5602836608887
2025-12-31,59.0200004577637,59.0800018310547,57.8199996948242,57.9099998474121,1829000,57.4394645690918
2026-01-02,58.2700004577637,59.0499992370605,57.0499992370605,58.9500007629395,5216100,58.4710159301758
2026-01-05,59.2099990844727,61.9900016784668,59.1399993896484,61.1800003051758,7258600,60.6828956604004
2026-01-06,61,63.1599998474121,60.8600006103516,62.9700012207031,4439100,62.4583511352539
2026-01-07,63.3400001525879,63.5800018310547,61.0099983215332,61.189998626709,4170500,60.6928100585938
2026-01-08,60.3699989318848,62.4799995422363,60.3600006103516,62.1199989318848,4229100,61.6152534484863
2026-01-09,62.2000007629395,63.2599983215332,61.8499984741211,63.0200004577637,4423500,62.507942199707
2026-01-12,61.9700012207031,63.5,61.0999984741211,63.3400001525879,3947400,62.8253440856934
2026-01-13,63.1800003051758,63.3300018310547,61.2999992370605,61.7799987792969,4179500,61.2780151367188
2026-01-14,61.310001373291,61.7799987792969,60.5099983215332,61.6599998474121,3675900,61.1589965820312
2026-01-15,61.9099998474121,63.2200012207031,61.8800010681152,62.7099990844727,4552300,62.2004585266113
2026-01-16,62.7099990844727,63.2999992370605,61.8800010681152,62.310001373291,2782900,61.8037147521973
2026-01-20,59.5499992370605,60.6500015258789,58.8300018310547,59.1199989318848,5034500,58.6396331787109
2026-01-21,59.3400001525879,61.9700012207031,59.310001373291,61.1800003051758,4300900,60.6828956604004
2026-01-22,62.189998626709,63.1399993896484,61.8199996948242,62.2799987792969,3433700,61.7739562988281
2026-01-23,61.5099983215332,61.6300010681152,60.6699981689453,61.2000007629395,2969400,60.7027320861816
2026-01-26,61.5299987792969,62.6300010681152,61.3600006103516,62.310001373291,2454200,61.8037147521973
2026-01-27,61.0200004577637,61.3800010681152,60.2400016784668,60.8199996948242,3821500,60.3258209228516
2026-01-28,60.8600006103516,61.2700004577637,60.3699989318848,60.8400001525879,3845300,60.3456573486328
2026-01-29,60.7599983215332,61.8400001525879,59.2099990844727,60.810001373291,5946700,60.3159027099609
2026-01-30,60.3699989318848,60.8699989318848,58.6699981689453,60.3300018310547,3914700,59.8398017883301
2026-02-02,60.2599983215332,62.439998626709,59.5900001525879,62.1699981689453,3243600,61.6648483276367
2026-02-03,61.810001373291,63.0900001525879,59.9799995422363,61.5099983215332,7400700,61.0102119445801
2026-02-04,62.0699996948242,63.0299987792969,61.0299987792969,62.4199981689453,10053100,61.9128150939941
2026-02-05,61.5200004577637,61.8699989318848,59.9099998474121,60.1699981689453,6434600,59.6810989379883
2026-02-06,61.4000015258789,64.8300018310547,61.310001373291,64.5599975585938,4613600,64.0354309082031
2026-02-09,64.2300033569336,65.0100021362305,63.5299987792969,64.6500015258789,2856100,64.1247100830078
2026-02-10,65.0699996948242,66.2099990844727,64.6500015258789,64.9000015258789,3559000,64.3726654052734
2026-02-11,65.7900009155273,66.120002746582,63.810001373291,64.6500015258789,3828700,64.1247100830078
2026-02-12,65.3600006103516,65.879997253418,61.939998626709,62.0299987792969,5166600,61.5259819030762
2026-02-13,62.1599998474121,63.1599998474121,60.689998626709,62.2299995422363,4009900,61.7243614196777
2026-02-17,62.2200012207031,63.0699996948242,61.0099983215332,62.4199981689453,3637400,61.9128150939941
2026-02-18,62.7700004577637,63.7200012207031,61.9300003051758,62.8199996948242,2501700,62.3095664978027
2026-02-19,62.3300018310547,62.6300010681152,61.0900001525879,61.8300018310547,3281200,61.3276138305664
2026-02-20,61.2799987792969,62.9799995422363,60.8899993896484,62.6300010681152,4361200,62.1211166381836
2026-02-23,62.0099983215332,62.9500007629395,59.2400016784668,59.560001373291,5603400,59.0760612487793
2026-02-24,59.689998626709,61.3199996948242,59.3699989318848,60.9000015258789,3103200,60.4051704406738
2026-02-25,61.5999984741211,62.1500015258789,60.9599990844727,62.0400009155273,3125800,61.5359077453613
2026-02-26,62.8400001525879,63.2900009155273,61.060001373291,62.0499992370605,4290500,61.5458221435547
2026-02-27,60.0099983215332,60.5,58.939998626709,60.0299987792969,4362600,59.5422401428223
2026-03-02,58.060001373291,60.5,57.9700012207031,59.8499984741211,4405100,59.3637008666992
2026-03-03,56.5200004577637,59.1599998474121,55.25,58.4700012207031,6413300,57.9949150085449
2026-03-04,58.8699989318848,59.7200012207031,57.9099998474121,59.2599983215332,2632400,58.7784957885742
2026-03-05,57.8300018310547,58.4500007629395,55.0400009155273,56.4000015258789,7762100,55.9417343139648
2026-03-06,54.1699981689453,55.0200004577637,53.0099983215332,54.7099990844727,5562500,54.2654647827148
2026-03-09,53.1800003051758,56.1100006103516,51.7299995422363,55.5800018310547,6446900,55.1283950805664
2026-03-10,55.5400009155273,57.2999992370605,54.5900001525879,55.5099983215332,5034700,55.0589637756348
2026-03-11,55.3899993896484,55.5200004577637,53.6800003051758,54.5,4837200,54.0571708679199
2026-03-12,52.939998626709,53.3199996948242,51.9300003051758,51.9500007629395,5493600,51.5278930664062
2026-03-13,52.7400016784668,53.4599990844727,51.3300018310547,51.560001373291,4391100,51.1410598754883
2026-03-16,52.7200012207031,53.6300010681152,52.3899993896484,52.810001373291,3741500,52.3809051513672
2026-03-17,53.8400001525879,54.439998626709,52.9300003051758,53.0099983215332,2891200,52.5792770385742
2026-03-18,52.2900009155273,52.6100006103516,50.2599983215332,50.3600006103516,5313900,49.950813293457
2026-03-19,49.3199996948242,50.4300003051758,48.7400016784668,49.6800003051758,4786900,49.2763366699219
2026-03-20,49.2299995422363,49.7999992370605,47.5400009155273,48.310001373291,7378900,47.9174690246582
2026-03-23,50.6399993896484,51.810001373291,49.8699989318848,50.1800003051758,9949100,49.772274017334
2026-03-24,49.0400009155273,50.8300018310547,48.7200012207031,49.9099998474121,8995500,49.5044631958008
2026-03-25,51.2400016784668,51.7400016784668,49.9700012207031,50.7400016784668,5356100,50.4733505249023
2026-03-26,49.8600006103516,51.1399993896484,49.0299987792969,49.1399993896484,6335400,48.8817558288574
2026-03-27,48.5299987792969,48.5299987792969,46.2799987792969,46.5499992370605,7666000,46.3053665161133
2026-03-30,47.8400001525879,47.9900016784668,46.25,46.7299995422363,5146300,46.4844207763672
2026-03-31,48.2099990844727,50.3699989318848,47.5400009155273,50.1800003051758,9879700,49.9162940979004
2026-04-01,51.0900001525879,51.6800003051758,50.5999984741211,50.9300003051758,4517400,50.662353515625
2026-04-02,49.1199989318848,51.5299987792969,48.7000007629395,50.7299995422363,4711300,50.4634017944336
2026-04-06,50.4099998474121,51.3499984741211,50.189998626709,51.2700004577637,3535500,51.0005645751953
2026-04-07,50.9199981689453,51.0999984741211,49.7200012207031,50.9900016784668,3950900,50.722038269043
2026-04-08,55.2299995422363,55.6500015258789,54.1300010681152,55.2700004577637,4222600,54.9795455932617
2026-04-09,54.7000007629395,56.7099990844727,54.560001373291,56.2200012207031,3661700,55.9245491027832
2026-04-10,56.2700004577637,56.3699989318848,55.060001373291,55.25,3152800,54.9596481323242
2026-04-13,54.1800003051758,56.2999992370605,53.8400001525879,56.2200012207031,3973800,55.9245491027832
2026-04-14,56.3199996948242,57.5699996948242,56.1399993896484,57.4300003051758,2990000,57.1281929016113
2026-04-15,57.7599983215332,57.9500007629395,56.4599990844727,57.0999984741211,3559900,56.7999267578125
2026-04-16,57.5,57.8300018310547,56.6399993896484,57.439998626709,3360000,57.1381378173828
2026-04-17,59.2299995422363,61.5,59.1500015258789,60.5099983215332,5185400,60.1920013427734
2026-04-20,60.2099990844727,60.689998626709,59.7900009155273,60.5200004577637,2603300,60.2019500732422
2026-04-21,61.5699996948242,62,59.0499992370605,59.4300003051758,3964300,59.1176795959473
2026-04-22,60.8199996948242,61.1399993896484,60.0900001525879,60.6199989318848,2566700,60.3014259338379
2026-04-23,59.810001373291,60.7599983215332,58.3400001525879,59.9500007629395,3491000,59.6349487304688
2026-04-24,59.9599990844727,60.0999984741211,59.1300010681152,59.6500015258789,3120700,59.3365249633789
2026-04-27,59.4000015258789,60.1100006103516,58.9300003051758,59.4700012207031,2813100,59.157470703125
2026-04-28,60.060001373291,60.1699981689453,59.0800018310547,59.310001373291,2992100,58.9983139038086
2026-04-29,59.1100006103516,59.2999992370605,57.7000007629395,58.3499984741211,2648200,58.0433540344238
2026-04-30,59.1199989318848,61.4500007629395,58.9500007629395,61.1300010681152,3259200,60.8087463378906
2026-05-01,61.9099998474121,62.2999992370605,60.4700012207031,60.4700012207031,3023400,60.1522178649902
2026-05-04,59.8899993896484,60.2200012207031,58.2799987792969,58.4900016784668,3516300,58.1826210021973
2026-05-05,59.2599983215332,59.9000015258789,58.6300010681152,59.6500015258789,3096100,59.3365249633789
2026-05-06,61.1199989318848,62.2400016784668,61.0800018310547,61.8400001525879,3327300,61.5150146484375
2026-05-07,62.3800010681152,62.6399993896484,60.2700004577637,60.689998626709,3349800,60.3710594177246
2026-05-08,61.5800018310547,61.5999984741211,60.2799987792969,60.7000007629395,2441600,60.3810043334961
2026-05-11,60.5999984741211,61.310001373291,60.2000007629395,61.060001373291,2747000,60.7391166687012
2026-05-12,60.8199996948242,61.5200004577637,59.5999984741211,61.3400001525879,2853500,61.0176429748535
2026-05-13,60.7299995422363,61.2099990844727,60.1100006103516,61.0200004577637,2660900,60.6993255615234
2026-05-14,62.5900001525879,62.8600006103516,61.6399993896484,62.3400001525879,3025200,62.0123901367188
2026-05-15,61.1100006103516,61.25,60.2900009155273,60.3899993896484,2342700,60.0726356506348
2026-05-18,60.4900016784668,61.2200012207031,59.7200012207031,60.9300003051758,2997200,60.6097984313965
2026-05-19,60.1399993896484,60.7099990844727,59.3300018310547,59.8300018310547,2479500,59.5155792236328
2026-05-20,60.4700012207031,62.3300018310547,59.2900009155273,62.0800018310547,3787800,61.7537574768066
2026-05-21,61.5200004577637,63.5,60.9599990844727,63.1399993896484,3379800,62.8081817626953
2026-05-22,64.5400009155273,65.1999969482422,64.0400009155273,64.1999969482422,2715800,63.8626098632812
2026-05-26,64.7300033569336,64.9800033569336,63.3800010681152,63.8499984741211,2529200,63.5144538879395
2026-05-27,64.0899963378906,65.1500015258789,64.0299987792969,64.4400024414062,2581800,64.1013565063477
2026-05-28,63.8600006103516,64.9400024414062,63.2099990844727,64.5299987792969,2935500,64.1908798217773
2026-05-29,64.7799987792969,66.0800018310547,64.5199966430664,65.8499984741211,2790000,65.5039367675781
2026-06-01,65.5,66.2600021362305,64.9199981689453,66.0999984741211,2839600,65.7526321411133
2026-06-02,65.129997253418,67.2699966430664,65.129997253418,67.0999984741211,2716100,66.7473678588867
2026-06-03,65.9700012207031,66.6100006103516,64.7300033569336,64.8300018310547,2863000,64.4893035888672
2026-06-04,66.8199996948242,68.3399963378906,66.5100021362305,68,3110300,67.6426467895508
2026-06-05,68.3399963378906,68.3899993896484,64.8399963378906,65.1800003051758,3474000,64.8374633789062
2026-06-08,65.6100006103516,66.7399978637695,64.6500015258789,64.8600006103516,2061500,64.5191421508789
2026-06-09,65.8300018310547,66.620002746582,62.6399993896484,65.0699996948242,3883900,64.7280426025391
2026-06-10,64.2699966430664,64.7699966430664,61.4799995422363,61.5200004577637,4078900,61.1966972351074
2026-06-11,62.5999984741211,65.370002746582,61.9799995422363,64.8600006103516,2744800,64.5191421508789
2026-06-12,66.1100006103516,67.0500030517578,64.8000030517578,66.1999969482422,1840800,65.8520965576172
2026-06-15,68.5599975585938,69.1900024414062,68.0400009155273,68.2600021362305,1668700,67.9012832641602
2026-06-16,68.9700012207031,70.1399993896484,68.8899993896484,69.4400024414062,1292300,69.075080871582
2026-06-17,69.2900009155273,70.5,66.9700012207031,67.3499984741211,2461700,66.9960556030273
2026-06-18,68.6800003051758,69.0699996948242,67.5100021362305,67.5299987792969,1631800,67.1751098632812
2026-06-22,68.0299987792969,68.8300018310547,67.6800003051758,68.120002746582,1462000,67.7620162963867
2026-06-23,67.1699981689453,68.7399978637695,66.4899978637695,67.879997253418,1071000,67.5232696533203
2026-06-24,67.5500030517578,69.9800033569336,67.4800033569336,68.4199981689453,1453300,68.270637512207
2026-06-25,69.5,71.6100006103516,68.4499969482422,68.7099990844727,1542600,68.5600051879883
2026-06-26,67.7799987792969,69.4599990844727,67.4100036621094,68.0599975585938,1218300,67.9114227294922
2026-06-29,69.129997253418,70.0999984741211,68.6500015258789,69.5699996948242,1138900,69.4181289672852
2026-06-30,70.0500030517578,70.5,69.0400009155273,70.0899963378906,1446100,69.9369888305664
2026-07-01,69.75,71.9199981689453,69.0500030517578,70.1699981689453,1290500,70.0168151855469
2026-07-02,71.3000030517578,72.4599990844727,70.6500015258789,72.3000030517578,1555200,72.1421737670898
2026-07-06,72.620002746582,73.1699981689453,71.4499969482422,73.1699981689453,1327900,73.0102691650391
2026-07-07,74.120002746582,74.2099990844727,71.9400024414062,72.5,2018300,72.3417282104492
2026-07-08,70.379997253418,70.8000030517578,69.0100021362305,70.129997253418,2135000,69.9769058227539
2026-07-09,70.4199981689453,71.0699996948242,69.870002746582,70.6999969482422,1382000,70.545654296875
2026-07-10,71.2600021362305,71.5500030517578,69.6800003051758,71.2600021362305,1622800,71.1044387817383
2026-07-13,71.25,72.0800018310547,70.0699996948242,70.7099990844727,1372400,70.5556411743164
2026-07-14,70.2699966430664,71.5199966430664,69.9499969482422,70.75,1722100,70.5955505371094
2026-07-15,71.2200012207031,71.9700012207031,70.3600006103516,71.2699966430664,1344500,71.1144104003906
2026-07-16,71.5699996948242,72.0699996948242,70.0800018310547,70.7600021362305,1251600,70.6055297851562
2026-07-17,68.7200012207031,71,68.3899993896484,69.1800003051758,1324700,69.0289764404297
2026-07-20,69.629997253418,70.1800003051758,67.7099990844727,67.9800033569336,1091600,67.8316040039062
2026-07-21,68.6399993896484,69.9700012207031,68.0599975585938,69.4000015258789,1026800,69.2484970092773
2026-07-22,69.370002746582,70.5,69.1800003051758,69.3899993896484,1021100,69.2385177612305
2026-07-23,66.7900009155273,68.0199966430664,66.6500015258789,67.3000030517578,1740600,67.1530838012695
2026-07-24,67.620002746582,68.879997253418,67.2099990844727,68.1699981689453,1372800,68.0211791992188
2026-07-27,70.5100021362305,70.75,68.370002746582,69.1600036621094,1447500,69.0090255737305
2026-07-28,71.0999984741211,71.9800033569336,70.0899963378906,71.3499984741211,1514800,71.1942367553711
2026-07-29,69.5299987792969,69.8099975585938,66.4499969482422,66.7099990844727,3026200,66.5643692016602
2026-07-30,68,69.2200012207031,66.8499984741211,69.0699996948242,2209700,68.9192199707031
2026-07-31,70.0199966430664,70.6100006103516,68.0899963378906,70.0999984741211,2374100,69.9469680786133
2026-08-03,72.1600036621094,73,71.8300018310547,72.8399963378906,1827400,72.6809844970703
2026-08-04,75.5400009155273,77.2600021362305,74.7799987792969,76.5800018310547,2575500,76.4128265380859
2026-08-05,77.75,79.2600021362305,77.5500030517578,77.5500030517578,1596400,77.3807067871094
2026-08-06,77.9899978637695,78.3300018310547,75.4000015258789,75.6100006103516,1609100,75.444938659668
2026-08-07,75.8000030517578,76.379997253418,75.1900024414062,76.1399993896484,1301200,75.9737854003906
2026-08-10,75.7300033569336,76.2799987792969,75.4000015258789,75.8399963378906,1292800,75.6744384765625
2026-08-11,76.2300033569336,76.9899978637695,74.9499969482422,75.0999984741211,1352100,74.9360504150391
2026-08-12,75.7900009155273,75.9000015258789,74.9100036621094,75,1243200,74.8362731933594
2026-08-13,75.6600036621094,76.1699981689453,74.3899993896484,75.3099975585938,1669500,75.1455917358398
2026-08-14,75.0299987792969,75.4199981689453,74.5500030517578,74.8099975585938,1034900,74.6466827392578
2026-08-17,73.8600006103516,74.4300003051758,73.4000015258789,73.6699981689453,1763700,73.5091781616211
2026-08-18,73.3600006103516,73.6999969482422,72.7699966430664,73.129997253418,1159800,72.9703521728516
2026-08-19,74.1399993896484,74.6600036621094,73.4100036621094,73.6699981689453,1524900,73.5091781616211
2026-08-20,72.0299987792969,72.620002746582,70.7399978637695,70.8600006103516,1619900,70.7053146362305
2026-08-21,71.9800033569336,73.1399993896484,71.75,72.870002746582,1461900,72.7109298706055
2026-08-24,72.7300033569336,73.7799987792969,72.6999969482422,73.4300003051758,1233300,73.2696990966797
2026-08-25,74.5,74.5999984741211,73.2300033569336,74.0599975585938,1138200,73.898323059082
2026-08-26,74.0899963378906,74.370002746582,73.2600021362305,73.6600036621094,802500,73.4991989135742
2026-08-27,73.370002746582,74.5899963378906,73.0699996948242,74.0199966430664,1122400,73.8584060668945
2026-08-28,74.4899978637695,74.9899978637695,73.6100006103516,73.870002746582,1322000,73.708740234375
2026-08-31,73.1999969482422,73.2099990844727,72.0999984741211,72.4100036621094,1122900,72.2519302368164
2026-09-01,71.2099990844727,72.4300003051758,70.4599990844727,70.8199996948242,1359900,70.665397644043
2026-09-02,71.5199966430664,72.5800018310547,71.4499969482422,71.9599990844727,1430000,71.8029098510742
2026-09-03,73.3099975585938,74.7799987792969,72.9000015258789,74.4899978637695,1207700,74.3273849487305
2026-09-04,73.7200012207031,74.1500015258789,72.7900009155273,73.25,1227400,73.0900955200195
2026-09-08,71.6399993896484,71.6999969482422,70.4599990844727,70.75,2564000,70.5955505371094
2026-09-09,69.7799987792969,69.8099975585938,68.7900009155273,69.1399993896484,1963100,68.9890670776367
2026-09-10,68.4199981689453,68.6800003051758,67.4199981689453,67.8099975585938,1997400,67.6619644165039
2026-09-11,69.5100021362305,70.3000030517578,69.120002746582,69.7200012207031,1897700,69.5678024291992
2026-09-14,69.1800003051758,70.0299987792969,68.5899963378906,69.1699981689453,949100,69.0189971923828
2026-09-15,68.629997253418,68.7600021362305,67.0599975585938,67.8499984741211,1491500,67.7018814086914
2026-09-16,68.0999984741211,68.2200012207031,64.3300018310547,65.4700012207031,2671400,65.3270797729492
2026-09-17,67.4800033569336,67.5299987792969,65.9700012207031,66.6100006103516,1660100,66.4645919799805
2026-09-18,66.4400024414062,66.5699996948242,65.4599990844727,66.129997253418,1648500,65.9856338500977
2026-09-21,67.7099990844727,67.8600006103516,66.4300003051758,67.5899963378906,2213900,67.4424438476562
2026-09-22,68.620002746582,68.620002746582,66.2900009155273,66.879997253418,2585100,66.7339935302734
2026-09-23,65.9199981689453,66.5500030517578,65.1399993896484,65.2699966430664,1456500,65.2699966430664
2026-09-24,64.6999969482422,65.1800003051758,63.7799987792969,64.6399993896484,1704900,64.6399993896484
2026-09-25,65.0699996948242,66.5500030517578,64.5500030517578,66.3600006103516,1943200,66.3600006103516
