asset,n_days,final_equity,total_return_pct,mae,rmse,mape,r2,directional_acc,coverage
TQQQ,90,1260.19,26.02,1.574696,1.970627,1.900078,0.953704,51.685393,43.333333
UPRO,90,1007.43,0.74,1.370771,1.755043,1.496476,0.96329,52.808989,38.888889
SOXL,90,1282.41,28.24,0.958787,1.241911,4.068894,0.909263,52.808989,75.555556
QQQ,90,1052.05,5.2,3.264707,4.190764,0.59211,0.967336,51.685393,17.777778
RHHBY,90,1145.3,14.53,0.508789,0.624933,1.270763,0.694071,51.685393,21.111111
BTC,90,1160.99,16.1,1905.912719,2443.436091,1.703759,0.787853,42.696629,36.666667
