asset,n_days,final_equity,total_return_pct,mae,rmse,mape,r2,directional_acc,coverage
TQQQ,90,1228.75,22.88,1.556683,1.917497,1.837033,0.958721,50.561798,42.222222
UPRO,90,962.83,-3.72,1.378898,1.745055,1.477872,0.965205,51.685393,38.888889
SOXL,90,1288.38,28.84,0.915249,1.167358,3.771301,0.92911,55.05618,78.888889
QQQ,90,1052.05,5.2,3.219383,4.087891,0.579857,0.969845,50.561798,18.888889
RHHBY,90,1176.83,17.68,0.507433,0.617051,1.259146,0.670405,51.685393,20.0
BTC,90,1198.66,19.87,1954.606403,2483.0761,1.744955,0.755999,43.820225,32.222222
